year,date,name,code,region,value,color,platform_scope,metric_context,source_type,confidence,source_url,notes
2009,2009-12-31,CrossFire,CROSSFIRE,Asia/global,1100000,#E11D48,PC online shooter,reported regional concurrent users,secondary_report,medium_low,https://www.smilegate.com/fr/game/crossfire.do,Reported 1.0M China plus 0.1M Vietnam from secondary source
2011,2011-11-17,League of Legends,LOL,Global,1300000,#C89B3C,PC MOBA,reported average online users,semi_official_archive,medium,https://en.wikipedia.org/wiki/League_of_Legends,Riot-reported average online via archived secondary summaries
2012,2012-08-01,Counter-Strike 2 / CS:GO,CS2,Steam,52261,#F59E0B,Steam,annual peak concurrent players,steamcharts_monthly_peak,high,https://steamcharts.com/app/730,Highest observed concurrent-player peak within the year
2012,2012-10-12,League of Legends,LOL,Global,5000000,#C89B3C,PC MOBA,reported peak concurrent players,semi_official_archive,medium,https://en.wikipedia.org/wiki/League_of_Legends,Riot-reported peak concurrent via archived secondary summaries
2012,2012-12-01,Dota 2,DOTA2,Steam,213521,#EF4444,Steam,annual peak concurrent players,steamcharts_monthly_peak,high,https://steamcharts.com/app/570,Highest observed concurrent-player peak within the year
2013,2013-12-01,Counter-Strike 2 / CS:GO,CS2,Steam,96298,#F59E0B,Steam,annual peak concurrent players,steamcharts_monthly_peak,high,https://steamcharts.com/app/730,Highest observed concurrent-player peak within the year
2013,2013-12-01,Dota 2,DOTA2,Steam,702792,#EF4444,Steam,annual peak concurrent players,steamcharts_monthly_peak,high,https://steamcharts.com/app/570,Highest observed concurrent-player peak within the year
2014,2014-01-27,League of Legends,LOL,Global,7500000,#C89B3C,PC MOBA,reported peak concurrent players,semi_official_archive,medium,https://en.wikipedia.org/wiki/League_of_Legends,Riot-reported peak concurrent via archived secondary summaries
2014,2014-11-13,CrossFire,CROSSFIRE,Global,6000000,#E11D48,PC online shooter,reported peak concurrent players,company_secondary,medium,https://www.smilegate.com/en/business/game.do,Smilegate-related profile reports over six million concurrent players
2014,2014-12-01,Counter-Strike 2 / CS:GO,CS2,Steam,367634,#F59E0B,Steam,annual peak concurrent players,steamcharts_monthly_peak,high,https://steamcharts.com/app/730,Highest observed concurrent-player peak within the year
2014,2014-12-01,Dota 2,DOTA2,Steam,963810,#EF4444,Steam,annual peak concurrent players,steamcharts_monthly_peak,high,https://steamcharts.com/app/570,Highest observed concurrent-player peak within the year
2015,2015-12-01,Counter-Strike 2 / CS:GO,CS2,Steam,823694,#F59E0B,Steam,annual peak concurrent players,steamcharts_monthly_peak,high,https://steamcharts.com/app/730,Highest observed concurrent-player peak within the year
2015,2015-12-01,Dota 2,DOTA2,Steam,1262612,#EF4444,Steam,annual peak concurrent players,steamcharts_monthly_peak,high,https://steamcharts.com/app/570,Highest observed concurrent-player peak within the year
2016,2016-03-01,Dota 2,DOTA2,Steam,1291328,#EF4444,Steam,annual peak concurrent players,steamcharts_monthly_peak,high,https://steamcharts.com/app/570,Highest observed concurrent-player peak within the year
2016,2016-04-01,Counter-Strike 2 / CS:GO,CS2,Steam,850485,#F59E0B,Steam,annual peak concurrent players,steamcharts_monthly_peak,high,https://steamcharts.com/app/730,Highest observed concurrent-player peak within the year
2017,2017-01-01,Counter-Strike 2 / CS:GO,CS2,Steam,814616,#F59E0B,Steam,annual peak concurrent players,steamcharts_monthly_peak,high,https://steamcharts.com/app/730,Highest observed concurrent-player peak within the year
2017,2017-12-01,Dota 2,DOTA2,Steam,1040877,#EF4444,Steam,annual peak concurrent players,steamcharts_monthly_peak,high,https://steamcharts.com/app/570,Highest observed concurrent-player peak within the year
2017,2017-12-01,PUBG: Battlegrounds,PUBG,Steam,3080769,#F97316,Steam,annual peak concurrent players,steamcharts_monthly_peak,high,https://steamcharts.com/app/578080,Highest observed concurrent-player peak within the year
2018,2018-01-01,PUBG: Battlegrounds,PUBG,Steam,3236027,#F97316,Steam,annual peak concurrent players,steamcharts_monthly_peak,high,https://steamcharts.com/app/578080,Highest observed concurrent-player peak within the year
2018,2018-02-08,Fortnite,FORTNITE,Global,3400000,#8B5CF6,Epic Games ecosystem,reported peak concurrent players,company_report,medium_high,https://en.wikipedia.org/wiki/Fortnite_Battle_Royale,Epic-reported early peak concurrent record
2018,2018-11-08,Fortnite,FORTNITE,Global,8300000,#8B5CF6,Epic Games ecosystem,reported peak concurrent players,company_report,medium_high,https://en.wikipedia.org/wiki/Fortnite_Battle_Royale,Epic-reported peak concurrent record
2018,2018-12-01,Counter-Strike 2 / CS:GO,CS2,Steam,746548,#F59E0B,Steam,annual peak concurrent players,steamcharts_monthly_peak,high,https://steamcharts.com/app/730,Highest observed concurrent-player peak within the year
2018,2018-12-01,Dota 2,DOTA2,Steam,844713,#EF4444,Steam,annual peak concurrent players,steamcharts_monthly_peak,high,https://steamcharts.com/app/570,Highest observed concurrent-player peak within the year
2019,2019-02-02,Fortnite,FORTNITE,Global,10700000,#8B5CF6,Epic Games ecosystem,event concurrent players,company_report,medium_high,https://www.theverge.com/2019/2/21/18234980/fortnite-marshmello-concert-viewer-numbers,Marshmello in-game event peak
2019,2019-09-17,League of Legends,LOL,Global,8000000,#C89B3C,PC MOBA,reported peak concurrent players,company_report,medium_high,https://en.wikipedia.org/wiki/League_of_Legends,Riot reported regular peak concurrent users in 2019
2019,2019-12-01,Counter-Strike 2 / CS:GO,CS2,Steam,767060,#F59E0B,Steam,annual peak concurrent players,steamcharts_monthly_peak,high,https://steamcharts.com/app/730,Highest observed concurrent-player peak within the year
2019,2019-12-01,Dota 2,DOTA2,Steam,1033925,#EF4444,Steam,annual peak concurrent players,steamcharts_monthly_peak,high,https://steamcharts.com/app/570,Highest observed concurrent-player peak within the year
2019,2019-12-01,PUBG: Battlegrounds,PUBG,Steam,1084606,#F97316,Steam,annual peak concurrent players,steamcharts_monthly_peak,high,https://steamcharts.com/app/578080,Highest observed concurrent-player peak within the year
2020,2020-02-13,CrossFire,CROSSFIRE,Global,6000000,#E11D48,PC online shooter,reported peak concurrent players,company_secondary,medium,https://variety.com/2020/digital/news/crossfire-tv-series-sony-smilegate-1203504221/,Variety report citing more than six million concurrent users
2020,2020-04-01,Counter-Strike 2 / CS:GO,CS2,Steam,1305714,#F59E0B,Steam,annual peak concurrent players,steamcharts_monthly_peak,high,https://steamcharts.com/app/730,Highest observed concurrent-player peak within the year
2020,2020-04-23,Fortnite,FORTNITE,Global,12300000,#8B5CF6,Epic Games ecosystem,event concurrent players,company_report,medium_high,https://www.epicgames.com/site/en-US/news/travis-scott-s-astronomical,Travis Scott Astronomical event peak
2020,2020-11-01,Apex Legends,APEX,Steam,117193,#DC2626,Steam,annual peak concurrent players,steamcharts_monthly_peak,high,https://steamcharts.com/app/1172470,Highest observed concurrent-player peak within the year
2020,2020-11-14,Roblox - Lil Nas X Concert Experience,ROBLOX_LILNASX,Roblox,988351,#00A2FF,Roblox experience,event concurrent users,platform_leaderboard,medium,https://roblox.fandom.com/wiki/List_of_games_by_peak_player_count,Roblox experience peak CCU not standalone game client
2020,2020-12-01,Fortnite,FORTNITE,Global,15300000,#8B5CF6,Epic Games ecosystem,event concurrent players,company_report,medium_high,https://thewaltdisneycompany.com/fortnites-nexus-war-with-galactus-event-draws-15-3-million-concurrent-players/,Marvel Nexus War with Galactus event peak
2020,2020-12-01,Dota 2,DOTA2,Steam,801121,#EF4444,Steam,annual peak concurrent players,steamcharts_monthly_peak,high,https://steamcharts.com/app/570,Highest observed concurrent-player peak within the year
2020,2020-12-01,PUBG: Battlegrounds,PUBG,Steam,913075,#F97316,Steam,annual peak concurrent players,steamcharts_monthly_peak,high,https://steamcharts.com/app/578080,Highest observed concurrent-player peak within the year
2021,2021-03-01,Counter-Strike 2 / CS:GO,CS2,Steam,1198581,#F59E0B,Steam,annual peak concurrent players,steamcharts_monthly_peak,high,https://steamcharts.com/app/730,Highest observed concurrent-player peak within the year
2021,2021-04-16,Roblox - Adopt Me!,ROBLOX_ADOPTME,Roblox,1920887,#00A2FF,Roblox experience,event concurrent users,platform_leaderboard,medium,https://roblox.fandom.com/wiki/List_of_games_by_peak_player_count,Roblox experience peak CCU not standalone game client
2021,2021-08-01,Apex Legends,APEX,Steam,330879,#DC2626,Steam,annual peak concurrent players,steamcharts_monthly_peak,high,https://steamcharts.com/app/1172470,Highest observed concurrent-player peak within the year
2021,2021-10-01,New World,NEWWORLD,Steam,913027,#10B981,Steam,annual peak concurrent players,steamcharts_monthly_peak,high,https://steamcharts.com/app/1063730,Highest observed concurrent-player peak within the year
2021,2021-12-01,Dota 2,DOTA2,Steam,756170,#EF4444,Steam,annual peak concurrent players,steamcharts_monthly_peak,high,https://steamcharts.com/app/570,Highest observed concurrent-player peak within the year
2021,2021-12-01,PUBG: Battlegrounds,PUBG,Steam,464480,#F97316,Steam,annual peak concurrent players,steamcharts_monthly_peak,high,https://steamcharts.com/app/578080,Highest observed concurrent-player peak within the year
2022,2022-02-01,Lost Ark,LOSTARK,Steam,1324761,#38BDF8,Steam,annual peak concurrent players,steamcharts_monthly_peak,high,https://steamcharts.com/app/1599340,Highest observed concurrent-player peak within the year
2022,2022-02-01,New World,NEWWORLD,Steam,137755,#10B981,Steam,annual peak concurrent players,steamcharts_monthly_peak,high,https://steamcharts.com/app/1063730,Highest observed concurrent-player peak within the year
2022,2022-03-01,Apex Legends,APEX,Steam,510286,#DC2626,Steam,annual peak concurrent players,steamcharts_monthly_peak,high,https://steamcharts.com/app/1172470,Highest observed concurrent-player peak within the year
2022,2022-11-01,Counter-Strike 2 / CS:GO,CS2,Steam,1129095,#F59E0B,Steam,annual peak concurrent players,steamcharts_monthly_peak,high,https://steamcharts.com/app/730,Highest observed concurrent-player peak within the year
2022,2022-12-01,Dota 2,DOTA2,Steam,1038848,#EF4444,Steam,annual peak concurrent players,steamcharts_monthly_peak,high,https://steamcharts.com/app/570,Highest observed concurrent-player peak within the year
2022,2022-12-01,PUBG: Battlegrounds,PUBG,Steam,696704,#F97316,Steam,annual peak concurrent players,steamcharts_monthly_peak,high,https://steamcharts.com/app/578080,Highest observed concurrent-player peak within the year
2023,2023-02-25,Roblox - Pet Simulator X!,ROBLOX_PETSIMX,Roblox,1465643,#00A2FF,Roblox experience,event concurrent users,platform_leaderboard,medium,https://roblox.fandom.com/wiki/List_of_games_by_peak_player_count,Roblox experience peak CCU not standalone game client
2023,2023-03-01,Lost Ark,LOSTARK,Steam,333008,#38BDF8,Steam,annual peak concurrent players,steamcharts_monthly_peak,high,https://steamcharts.com/app/1599340,Highest observed concurrent-player peak within the year
2023,2023-05-01,Counter-Strike 2 / CS:GO,CS2,Steam,1802853,#F59E0B,Steam,annual peak concurrent players,steamcharts_monthly_peak,high,https://steamcharts.com/app/730,Highest observed concurrent-player peak within the year
2023,2023-07-01,Apex Legends,APEX,Steam,624473,#DC2626,Steam,annual peak concurrent players,steamcharts_monthly_peak,high,https://steamcharts.com/app/1172470,Highest observed concurrent-player peak within the year
2023,2023-12-01,Dota 2,DOTA2,Steam,855495,#EF4444,Steam,annual peak concurrent players,steamcharts_monthly_peak,high,https://steamcharts.com/app/570,Highest observed concurrent-player peak within the year
2023,2023-12-01,New World,NEWWORLD,Steam,77642,#10B981,Steam,annual peak concurrent players,steamcharts_monthly_peak,high,https://steamcharts.com/app/1063730,Highest observed concurrent-player peak within the year
2023,2023-12-01,PUBG: Battlegrounds,PUBG,Steam,623852,#F97316,Steam,annual peak concurrent players,steamcharts_monthly_peak,high,https://steamcharts.com/app/578080,Highest observed concurrent-player peak within the year
2023,2023-12-02,Fortnite,FORTNITE,Global,11616374,#8B5CF6,Epic Games ecosystem,event concurrent players,company_report,medium_high,https://www.theverge.com/2023/12/4/23987661/fortnite-big-bang-event-players-queue-issues,Eminem Big Bang event peak
2024,2024-01-01,Palworld,PALWORLD,Steam,2101535,#22C55E,Steam,annual peak concurrent players,steamcharts_monthly_peak,high,https://steamcharts.com/app/1623730,Highest observed concurrent-player peak within the year
2024,2024-01-01,PUBG: Battlegrounds,PUBG,Steam,807515,#F97316,Steam,annual peak concurrent players,steamcharts_monthly_peak,high,https://steamcharts.com/app/578080,Highest observed concurrent-player peak within the year
2024,2024-01-01,New World,NEWWORLD,Steam,61364,#10B981,Steam,annual peak concurrent players,steamcharts_monthly_peak,high,https://steamcharts.com/app/1063730,Highest observed concurrent-player peak within the year
2024,2024-01-01,Lost Ark,LOSTARK,Steam,94636,#38BDF8,Steam,annual peak concurrent players,steamcharts_monthly_peak,high,https://steamcharts.com/app/1599340,Highest observed concurrent-player peak within the year
2024,2024-02-01,Dota 2,DOTA2,Steam,943059,#EF4444,Steam,annual peak concurrent players,steamcharts_monthly_peak,high,https://steamcharts.com/app/570,Highest observed concurrent-player peak within the year
2024,2024-03-01,Apex Legends,APEX,Steam,469431,#DC2626,Steam,annual peak concurrent players,steamcharts_monthly_peak,high,https://steamcharts.com/app/1172470,Highest observed concurrent-player peak within the year
2024,2024-11-30,Fortnite,FORTNITE,Global,14000000,#8B5CF6,Epic Games ecosystem,event concurrent players,company_report,medium_high,https://www.espn.com/gaming/story/_/id/42708537/fortnite-remix-finale-event-breaks-concurrent-player-record-snoop-dogg-eminem-ice-spice-juice-wrld,Remix The Finale reported over 14M in-game concurrent players
2024,2024-12-01,Counter-Strike 2 / CS:GO,CS2,Steam,1740261,#F59E0B,Steam,annual peak concurrent players,steamcharts_monthly_peak,high,https://steamcharts.com/app/730,Highest observed concurrent-player peak within the year
2024,2024-12-01,Marvel Rivals,MARVELRIVALS,Steam,418832,#FACC15,Steam,annual peak concurrent players,steamcharts_monthly_peak,high,https://steamcharts.com/app/2767030,Highest observed concurrent-player peak within the year
2024,2024-12-14,Roblox - Dress to Impress,ROBLOX_DTI,Roblox,1743147,#00A2FF,Roblox experience,event concurrent users,platform_leaderboard,medium,https://en.wikipedia.org/wiki/List_of_Roblox_games_by_peak_concurrent_users,Roblox experience peak CCU not standalone game client
2024,2024-12-22,Roblox - The Strongest Battlegrounds,ROBLOX_STRONGESTBG,Roblox,1395324,#00A2FF,Roblox experience,event concurrent users,platform_leaderboard,medium,https://en.wikipedia.org/wiki/List_of_Roblox_games_by_peak_concurrent_users,Roblox experience peak CCU not standalone game client
2024,2024-12-31,Roblox - Blox Fruits,ROBLOX_BLOXFRUITS,Roblox,2781531,#00A2FF,Roblox experience,event concurrent users,platform_leaderboard,medium,https://roblox.fandom.com/wiki/List_of_games_by_peak_player_count,Roblox experience peak CCU not standalone game client
2025,2025-01-01,Lost Ark,LOSTARK,Steam,40645,#38BDF8,Steam,annual peak concurrent players,steamcharts_monthly_peak,high,https://steamcharts.com/app/1599340,Highest observed concurrent-player peak within the year
2025,2025-01-01,Marvel Rivals,MARVELRIVALS,Steam,642333,#FACC15,Steam,annual peak concurrent players,steamcharts_monthly_peak,high,https://steamcharts.com/app/2767030,Highest observed concurrent-player peak within the year
2025,2025-02-01,Apex Legends,APEX,Steam,262219,#DC2626,Steam,annual peak concurrent players,steamcharts_monthly_peak,high,https://steamcharts.com/app/1172470,Highest observed concurrent-player peak within the year
2025,2025-03-01,Counter-Strike 2 / CS:GO,CS2,Steam,1818368,#F59E0B,Steam,annual peak concurrent players,steamcharts_monthly_peak,high,https://steamcharts.com/app/730,Highest observed concurrent-player peak within the year
2025,2025-03-01,PUBG: Battlegrounds,PUBG,Steam,1329605,#F97316,Steam,annual peak concurrent players,steamcharts_monthly_peak,high,https://steamcharts.com/app/578080,Highest observed concurrent-player peak within the year
2025,2025-03-29,Roblox - Blue Lock: Rivals,ROBLOX_BLUELOCKRIVALS,Roblox,1097082,#00A2FF,Roblox experience,event concurrent users,platform_leaderboard,medium,https://en.wikipedia.org/wiki/List_of_Roblox_games_by_peak_concurrent_users,Roblox experience peak CCU not standalone game client
2025,2025-04-19,Roblox - Dead Rails,ROBLOX_DEADRAILS,Roblox,1476198,#00A2FF,Roblox experience,event concurrent users,platform_leaderboard,medium,https://en.wikipedia.org/wiki/List_of_Roblox_games_by_peak_concurrent_users,Roblox experience peak CCU not standalone game client
2025,2025-07-01,Palworld,PALWORLD,Steam,208927,#22C55E,Steam,annual peak concurrent players,steamcharts_monthly_peak,high,https://steamcharts.com/app/1623730,Highest observed concurrent-player peak within the year
2025,2025-08-23,Roblox - Grow a Garden,ROBLOX_GROWGARDEN,Roblox,22375597,#00A2FF,Roblox experience,event concurrent users,platform_leaderboard,medium,https://roblox.fandom.com/wiki/List_of_games_by_peak_player_count,Roblox experience peak CCU not standalone game client
2025,2025-08-23,Roblox,ROBLOX,Global,47300000,#00A2FF,Roblox platform,estimated midpoint platform-wide peak concurrent users,estimated_mid_peak_ccu,medium_high,user_provided_research,User midpoint estimate from 45.0M+ to 47.4M range; CEO mentioned 45M+ concurrent users and multiple media or tracker reports cited 47.4M
2026,2026-06-21,Roblox,ROBLOX,Global,36000000,#00A2FF,Roblox platform,estimated year-to-date midpoint platform-wide peak concurrent users,estimated_mid_peak_ccu,low_medium,user_provided_research,User 2026 YTD midpoint estimate from 30.0M to 42.6M range; official peak undisclosed; Q1 2026 DAU and hours imply about 14.35M average CCU and large events may push peaks into the 30M to 40M range
2025,2025-10-01,Dota 2,DOTA2,Steam,953869,#EF4444,Steam,annual peak concurrent players,steamcharts_monthly_peak,high,https://steamcharts.com/app/570,Highest observed concurrent-player peak within the year
2025,2025-10-04,Roblox - 99 Nights in the Forest,ROBLOX_99NIGHTS,Roblox,14153173,#00A2FF,Roblox experience,event concurrent users,platform_leaderboard,medium,https://en.wikipedia.org/wiki/List_of_Roblox_games_by_peak_concurrent_users,Roblox experience peak CCU not standalone game client
2025,2025-10-11,Roblox - Steal a Brainrot,ROBLOX_STEALBRAINROT,Roblox,25836222,#00A2FF,Roblox experience,event concurrent users,platform_leaderboard,medium,https://roblox.fandom.com/wiki/List_of_games_by_peak_player_count,Roblox experience peak CCU not standalone game client
2025,2025-10-11,Roblox - Plants Vs Brainrots,ROBLOX_PLANTSVSBRAINROTS,Roblox,8654525,#00A2FF,Roblox experience,event concurrent users,platform_leaderboard,medium,https://en.wikipedia.org/wiki/List_of_Roblox_games_by_peak_concurrent_users,Roblox experience peak CCU not standalone game client
2025,2025-10-18,Roblox - Fisch,ROBLOX_FISCH,Roblox,1273618,#00A2FF,Roblox experience,event concurrent users,platform_leaderboard,medium,https://en.wikipedia.org/wiki/List_of_Roblox_games_by_peak_concurrent_users,Roblox experience peak CCU not standalone game client
2025,2025-11-01,Roblox - Forsaken,ROBLOX_FORSAKEN,Roblox,1221080,#00A2FF,Roblox experience,event concurrent users,platform_leaderboard,medium,https://en.wikipedia.org/wiki/List_of_Roblox_games_by_peak_concurrent_users,Roblox experience peak CCU not standalone game client
2025,2025-12-01,New World,NEWWORLD,Steam,50987,#10B981,Steam,annual peak concurrent players,steamcharts_monthly_peak,high,https://steamcharts.com/app/1063730,Highest observed concurrent-player peak within the year
2025,2025-12-06,Roblox - Fish It!,ROBLOX_FISHIT,Roblox,2716766,#00A2FF,Roblox experience,event concurrent users,platform_leaderboard,medium,https://en.wikipedia.org/wiki/List_of_Roblox_games_by_peak_concurrent_users,Roblox experience peak CCU not standalone game client
2025,2025-12-06,Roblox - The Forge,ROBLOX_FORGE,Roblox,1051531,#00A2FF,Roblox experience,event concurrent users,platform_leaderboard,medium,https://en.wikipedia.org/wiki/List_of_Roblox_games_by_peak_concurrent_users,Roblox experience peak CCU not standalone game client
2025,2025-12-19,Roblox - Brookhaven RP,ROBLOX_BROOKHAVEN,Roblox,1296208,#00A2FF,Roblox experience,event concurrent users,platform_leaderboard,medium,https://en.wikipedia.org/wiki/List_of_Roblox_games_by_peak_concurrent_users,Roblox experience peak CCU not standalone game client
2025,2025-12-21,Roblox - Find the Brainrot,ROBLOX_FINDBRAINROT,Roblox,1021670,#00A2FF,Roblox experience,event concurrent users,platform_leaderboard,medium,https://en.wikipedia.org/wiki/List_of_Roblox_games_by_peak_concurrent_users,Roblox experience peak CCU not standalone game client
2026,2026-01-01,Palworld,PALWORLD,Steam,76518,#22C55E,Steam,year-to-date peak concurrent players,steamcharts_monthly_peak,high,https://steamcharts.com/app/1623730,2026 year-to-date as of 2026-06-21
2026,2026-01-01,New World,NEWWORLD,Steam,1703,#10B981,Steam,year-to-date peak concurrent players,steamcharts_monthly_peak,high,https://steamcharts.com/app/1063730,2026 year-to-date as of 2026-06-21
2026,2026-03-01,Counter-Strike 2 / CS:GO,CS2,Steam,1717624,#F59E0B,Steam,year-to-date peak concurrent players,steamcharts_monthly_peak,high,https://steamcharts.com/app/730,2026 year-to-date as of 2026-06-21
2026,2026-03-01,Dota 2,DOTA2,Steam,869734,#EF4444,Steam,year-to-date peak concurrent players,steamcharts_monthly_peak,high,https://steamcharts.com/app/570,2026 year-to-date as of 2026-06-21
2026,2026-03-01,Apex Legends,APEX,Steam,324964,#DC2626,Steam,year-to-date peak concurrent players,steamcharts_monthly_peak,high,https://steamcharts.com/app/1172470,2026 year-to-date as of 2026-06-21
2026,2026-03-01,Lost Ark,LOSTARK,Steam,17735,#38BDF8,Steam,year-to-date peak concurrent players,steamcharts_monthly_peak,high,https://steamcharts.com/app/1599340,2026 year-to-date as of 2026-06-21
2026,2026-04-01,PUBG: Battlegrounds,PUBG,Steam,1290870,#F97316,Steam,year-to-date peak concurrent players,steamcharts_monthly_peak,high,https://steamcharts.com/app/578080,2026 year-to-date as of 2026-06-21
2026,2026-04-01,Marvel Rivals,MARVELRIVALS,Steam,199788,#FACC15,Steam,year-to-date peak concurrent players,steamcharts_monthly_peak,high,https://steamcharts.com/app/2767030,2026 year-to-date as of 2026-06-21
2012,2012-08-01,Team Fortress 2,TF2,Steam,117917,#FF7F2A,Steam,annual peak concurrent players,steamcharts_monthly_peak,high,https://steamcharts.com/app/440,Highest observed concurrent-player peak within the year
2013,2013-12-01,Team Fortress 2,TF2,Steam,86393,#FF7F2A,Steam,annual peak concurrent players,steamcharts_monthly_peak,high,https://steamcharts.com/app/440,Highest observed concurrent-player peak within the year
2014,2014-11-01,Team Fortress 2,TF2,Steam,104323,#FF7F2A,Steam,annual peak concurrent players,steamcharts_monthly_peak,high,https://steamcharts.com/app/440,Highest observed concurrent-player peak within the year
2015,2015-01-01,Team Fortress 2,TF2,Steam,94272,#FF7F2A,Steam,annual peak concurrent players,steamcharts_monthly_peak,high,https://steamcharts.com/app/440,Highest observed concurrent-player peak within the year
2016,2016-02-01,Team Fortress 2,TF2,Steam,83544,#FF7F2A,Steam,annual peak concurrent players,steamcharts_monthly_peak,high,https://steamcharts.com/app/440,Highest observed concurrent-player peak within the year
2017,2017-10-01,Team Fortress 2,TF2,Steam,97248,#FF7F2A,Steam,annual peak concurrent players,steamcharts_monthly_peak,high,https://steamcharts.com/app/440,Highest observed concurrent-player peak within the year
2018,2018-12-01,Team Fortress 2,TF2,Steam,116141,#FF7F2A,Steam,annual peak concurrent players,steamcharts_monthly_peak,high,https://steamcharts.com/app/440,Highest observed concurrent-player peak within the year
2019,2019-12-01,Team Fortress 2,TF2,Steam,103481,#FF7F2A,Steam,annual peak concurrent players,steamcharts_monthly_peak,high,https://steamcharts.com/app/440,Highest observed concurrent-player peak within the year
2020,2020-12-01,Team Fortress 2,TF2,Steam,146887,#FF7F2A,Steam,annual peak concurrent players,steamcharts_monthly_peak,high,https://steamcharts.com/app/440,Highest observed concurrent-player peak within the year
2021,2021-06-01,Team Fortress 2,TF2,Steam,150037,#FF7F2A,Steam,annual peak concurrent players,steamcharts_monthly_peak,high,https://steamcharts.com/app/440,Highest observed concurrent-player peak within the year
2022,2022-12-01,Team Fortress 2,TF2,Steam,147868,#FF7F2A,Steam,annual peak concurrent players,steamcharts_monthly_peak,high,https://steamcharts.com/app/440,Highest observed concurrent-player peak within the year
2023,2023-07-01,Team Fortress 2,TF2,Steam,253225,#FF7F2A,Steam,annual peak concurrent players,steamcharts_monthly_peak,high,https://steamcharts.com/app/440,Highest observed concurrent-player peak within the year
2024,2024-01-01,Team Fortress 2,TF2,Steam,179882,#FF7F2A,Steam,annual peak concurrent players,steamcharts_monthly_peak,high,https://steamcharts.com/app/440,Highest observed concurrent-player peak within the year
2025,2025-12-01,Team Fortress 2,TF2,Steam,92856,#FF7F2A,Steam,annual peak concurrent players,steamcharts_monthly_peak,high,https://steamcharts.com/app/440,Highest observed concurrent-player peak within the year
2026,2026-04-01,Team Fortress 2,TF2,Steam,69163,#FF7F2A,Steam,year-to-date peak concurrent players,steamcharts_monthly_peak,high,https://steamcharts.com/app/440,2026 year-to-date as of 2026-06-21
2013,2013-04-01,Warframe,WARFRAME,Steam,21157,#00E5FF,Steam,annual peak concurrent players,steamcharts_monthly_peak,high,https://steamcharts.com/app/230410,Highest observed concurrent-player peak within the year
2014,2014-10-01,Warframe,WARFRAME,Steam,34785,#00E5FF,Steam,annual peak concurrent players,steamcharts_monthly_peak,high,https://steamcharts.com/app/230410,Highest observed concurrent-player peak within the year
2015,2015-12-01,Warframe,WARFRAME,Steam,58502,#00E5FF,Steam,annual peak concurrent players,steamcharts_monthly_peak,high,https://steamcharts.com/app/230410,Highest observed concurrent-player peak within the year
2016,2016-11-01,Warframe,WARFRAME,Steam,68530,#00E5FF,Steam,annual peak concurrent players,steamcharts_monthly_peak,high,https://steamcharts.com/app/230410,Highest observed concurrent-player peak within the year
2017,2017-10-01,Warframe,WARFRAME,Steam,121377,#00E5FF,Steam,annual peak concurrent players,steamcharts_monthly_peak,high,https://steamcharts.com/app/230410,Highest observed concurrent-player peak within the year
2018,2018-11-01,Warframe,WARFRAME,Steam,131766,#00E5FF,Steam,annual peak concurrent players,steamcharts_monthly_peak,high,https://steamcharts.com/app/230410,Highest observed concurrent-player peak within the year
2019,2019-03-01,Warframe,WARFRAME,Steam,115102,#00E5FF,Steam,annual peak concurrent players,steamcharts_monthly_peak,high,https://steamcharts.com/app/230410,Highest observed concurrent-player peak within the year
2020,2020-08-01,Warframe,WARFRAME,Steam,154246,#00E5FF,Steam,annual peak concurrent players,steamcharts_monthly_peak,high,https://steamcharts.com/app/230410,Highest observed concurrent-player peak within the year
2021,2021-07-01,Warframe,WARFRAME,Steam,181509,#00E5FF,Steam,annual peak concurrent players,steamcharts_monthly_peak,high,https://steamcharts.com/app/230410,Highest observed concurrent-player peak within the year
2022,2022-07-01,Warframe,WARFRAME,Steam,91910,#00E5FF,Steam,annual peak concurrent players,steamcharts_monthly_peak,high,https://steamcharts.com/app/230410,Highest observed concurrent-player peak within the year
2023,2023-04-01,Warframe,WARFRAME,Steam,115322,#00E5FF,Steam,annual peak concurrent players,steamcharts_monthly_peak,high,https://steamcharts.com/app/230410,Highest observed concurrent-player peak within the year
2024,2024-12-01,Warframe,WARFRAME,Steam,119690,#00E5FF,Steam,annual peak concurrent players,steamcharts_monthly_peak,high,https://steamcharts.com/app/230410,Highest observed concurrent-player peak within the year
2025,2025-12-01,Warframe,WARFRAME,Steam,173377,#00E5FF,Steam,annual peak concurrent players,steamcharts_monthly_peak,high,https://steamcharts.com/app/230410,Highest observed concurrent-player peak within the year
2026,2026-06-21,Warframe,WARFRAME,Steam,124688,#00E5FF,Steam,year-to-date peak concurrent players,steamcharts_current_peak,high,https://steamcharts.com/app/230410,2026 year-to-date current Last 30 Days peak as of 2026-06-21
2015,2015-04-01,Grand Theft Auto V Legacy,GTAV,Steam,360761,#34D399,Steam,annual peak concurrent players,steamcharts_monthly_peak,high,https://steamcharts.com/app/271590,Highest observed concurrent-player peak within the year
2016,2016-12-01,Grand Theft Auto V Legacy,GTAV,Steam,126681,#34D399,Steam,annual peak concurrent players,steamcharts_monthly_peak,high,https://steamcharts.com/app/271590,Highest observed concurrent-player peak within the year
2017,2017-12-01,Grand Theft Auto V Legacy,GTAV,Steam,170316,#34D399,Steam,annual peak concurrent players,steamcharts_monthly_peak,high,https://steamcharts.com/app/271590,Highest observed concurrent-player peak within the year
2018,2018-01-01,Grand Theft Auto V Legacy,GTAV,Steam,167754,#34D399,Steam,annual peak concurrent players,steamcharts_monthly_peak,high,https://steamcharts.com/app/271590,Highest observed concurrent-player peak within the year
2019,2019-12-01,Grand Theft Auto V Legacy,GTAV,Steam,204137,#34D399,Steam,annual peak concurrent players,steamcharts_monthly_peak,high,https://steamcharts.com/app/271590,Highest observed concurrent-player peak within the year
2020,2020-02-01,Grand Theft Auto V Legacy,GTAV,Steam,267360,#34D399,Steam,annual peak concurrent players,steamcharts_monthly_peak,high,https://steamcharts.com/app/271590,Highest observed concurrent-player peak within the year
2021,2021-07-01,Grand Theft Auto V Legacy,GTAV,Steam,218784,#34D399,Steam,annual peak concurrent players,steamcharts_monthly_peak,high,https://steamcharts.com/app/271590,Highest observed concurrent-player peak within the year
2022,2022-07-01,Grand Theft Auto V Legacy,GTAV,Steam,197328,#34D399,Steam,annual peak concurrent players,steamcharts_monthly_peak,high,https://steamcharts.com/app/271590,Highest observed concurrent-player peak within the year
2023,2023-12-01,Grand Theft Auto V Legacy,GTAV,Steam,295651,#34D399,Steam,annual peak concurrent players,steamcharts_monthly_peak,high,https://steamcharts.com/app/271590,Highest observed concurrent-player peak within the year
2024,2024-01-01,Grand Theft Auto V Legacy,GTAV,Steam,218773,#34D399,Steam,annual peak concurrent players,steamcharts_monthly_peak,high,https://steamcharts.com/app/271590,Highest observed concurrent-player peak within the year
2025,2025-01-01,Grand Theft Auto V Legacy,GTAV,Steam,211328,#34D399,Steam,annual peak concurrent players,steamcharts_monthly_peak,high,https://steamcharts.com/app/271590,Highest observed concurrent-player peak within the year
2026,2026-01-01,Grand Theft Auto V Legacy,GTAV,Steam,129542,#34D399,Steam,year-to-date peak concurrent players,steamcharts_monthly_peak,high,https://steamcharts.com/app/271590,2026 year-to-date as of 2026-06-21
2013,2013-12-01,Rust,RUST,Steam,22571,#B45309,Steam,annual peak concurrent players,steamcharts_monthly_peak,high,https://steamcharts.com/app/252490,Highest observed concurrent-player peak within the year
2014,2014-02-01,Rust,RUST,Steam,58973,#B45309,Steam,annual peak concurrent players,steamcharts_monthly_peak,high,https://steamcharts.com/app/252490,Highest observed concurrent-player peak within the year
2015,2015-12-01,Rust,RUST,Steam,38110,#B45309,Steam,annual peak concurrent players,steamcharts_monthly_peak,high,https://steamcharts.com/app/252490,Highest observed concurrent-player peak within the year
2016,2016-07-01,Rust,RUST,Steam,64555,#B45309,Steam,annual peak concurrent players,steamcharts_monthly_peak,high,https://steamcharts.com/app/252490,Highest observed concurrent-player peak within the year
2017,2017-02-01,Rust,RUST,Steam,68103,#B45309,Steam,annual peak concurrent players,steamcharts_monthly_peak,high,https://steamcharts.com/app/252490,Highest observed concurrent-player peak within the year
2018,2018-11-01,Rust,RUST,Steam,70969,#B45309,Steam,annual peak concurrent players,steamcharts_monthly_peak,high,https://steamcharts.com/app/252490,Highest observed concurrent-player peak within the year
2019,2019-07-01,Rust,RUST,Steam,93595,#B45309,Steam,annual peak concurrent players,steamcharts_monthly_peak,high,https://steamcharts.com/app/252490,Highest observed concurrent-player peak within the year
2020,2020-04-01,Rust,RUST,Steam,125415,#B45309,Steam,annual peak concurrent players,steamcharts_monthly_peak,high,https://steamcharts.com/app/252490,Highest observed concurrent-player peak within the year
2021,2021-01-01,Rust,RUST,Steam,244394,#B45309,Steam,annual peak concurrent players,steamcharts_monthly_peak,high,https://steamcharts.com/app/252490,Highest observed concurrent-player peak within the year
2022,2022-06-01,Rust,RUST,Steam,165120,#B45309,Steam,annual peak concurrent players,steamcharts_monthly_peak,high,https://steamcharts.com/app/252490,Highest observed concurrent-player peak within the year
2023,2023-07-01,Rust,RUST,Steam,182335,#B45309,Steam,annual peak concurrent players,steamcharts_monthly_peak,high,https://steamcharts.com/app/252490,Highest observed concurrent-player peak within the year
2024,2024-12-01,Rust,RUST,Steam,191133,#B45309,Steam,annual peak concurrent players,steamcharts_monthly_peak,high,https://steamcharts.com/app/252490,Highest observed concurrent-player peak within the year
2025,2025-01-01,Rust,RUST,Steam,259646,#B45309,Steam,annual peak concurrent players,steamcharts_monthly_peak,high,https://steamcharts.com/app/252490,Highest observed concurrent-player peak within the year
2026,2026-01-01,Rust,RUST,Steam,246562,#B45309,Steam,year-to-date peak concurrent players,steamcharts_monthly_peak,high,https://steamcharts.com/app/252490,2026 year-to-date as of 2026-06-21
2019,2019-10-01,Destiny 2,DESTINY2,Steam,292314,#E5E7EB,Steam,annual peak concurrent players,steamcharts_monthly_peak,high,https://steamcharts.com/app/1085660,Highest observed concurrent-player peak within the year
2020,2020-11-01,Destiny 2,DESTINY2,Steam,241843,#E5E7EB,Steam,annual peak concurrent players,steamcharts_monthly_peak,high,https://steamcharts.com/app/1085660,Highest observed concurrent-player peak within the year
2021,2021-05-01,Destiny 2,DESTINY2,Steam,187504,#E5E7EB,Steam,annual peak concurrent players,steamcharts_monthly_peak,high,https://steamcharts.com/app/1085660,Highest observed concurrent-player peak within the year
2022,2022-02-01,Destiny 2,DESTINY2,Steam,289895,#E5E7EB,Steam,annual peak concurrent players,steamcharts_monthly_peak,high,https://steamcharts.com/app/1085660,Highest observed concurrent-player peak within the year
2023,2023-02-01,Destiny 2,DESTINY2,Steam,316651,#E5E7EB,Steam,annual peak concurrent players,steamcharts_monthly_peak,high,https://steamcharts.com/app/1085660,Highest observed concurrent-player peak within the year
2024,2024-06-01,Destiny 2,DESTINY2,Steam,314379,#E5E7EB,Steam,annual peak concurrent players,steamcharts_monthly_peak,high,https://steamcharts.com/app/1085660,Highest observed concurrent-player peak within the year
2025,2025-07-01,Destiny 2,DESTINY2,Steam,108362,#E5E7EB,Steam,annual peak concurrent players,steamcharts_monthly_peak,high,https://steamcharts.com/app/1085660,Highest observed concurrent-player peak within the year
2026,2026-06-21,Destiny 2,DESTINY2,Steam,167867,#E5E7EB,Steam,year-to-date peak concurrent players,steamcharts_current_peak,high,https://steamcharts.com/app/1085660,2026 year-to-date current Last 30 Days peak as of 2026-06-21
2013,2013-10-01,Path of Exile,POE,Steam,34371,#7C2D12,Steam,annual peak concurrent players,steamcharts_monthly_peak,high,https://steamcharts.com/app/238960,Highest observed concurrent-player peak within the year
2014,2014-08-01,Path of Exile,POE,Steam,24493,#7C2D12,Steam,annual peak concurrent players,steamcharts_monthly_peak,high,https://steamcharts.com/app/238960,Highest observed concurrent-player peak within the year
2015,2015-07-01,Path of Exile,POE,Steam,32284,#7C2D12,Steam,annual peak concurrent players,steamcharts_monthly_peak,high,https://steamcharts.com/app/238960,Highest observed concurrent-player peak within the year
2016,2016-12-01,Path of Exile,POE,Steam,46807,#7C2D12,Steam,annual peak concurrent players,steamcharts_monthly_peak,high,https://steamcharts.com/app/238960,Highest observed concurrent-player peak within the year
2017,2017-08-01,Path of Exile,POE,Steam,98110,#7C2D12,Steam,annual peak concurrent players,steamcharts_monthly_peak,high,https://steamcharts.com/app/238960,Highest observed concurrent-player peak within the year
2018,2018-12-01,Path of Exile,POE,Steam,123462,#7C2D12,Steam,annual peak concurrent players,steamcharts_monthly_peak,high,https://steamcharts.com/app/238960,Highest observed concurrent-player peak within the year
2019,2019-12-01,Path of Exile,POE,Steam,117757,#7C2D12,Steam,annual peak concurrent players,steamcharts_monthly_peak,high,https://steamcharts.com/app/238960,Highest observed concurrent-player peak within the year
2020,2020-03-01,Path of Exile,POE,Steam,132508,#7C2D12,Steam,annual peak concurrent players,steamcharts_monthly_peak,high,https://steamcharts.com/app/238960,Highest observed concurrent-player peak within the year
2021,2021-01-01,Path of Exile,POE,Steam,157091,#7C2D12,Steam,annual peak concurrent players,steamcharts_monthly_peak,high,https://steamcharts.com/app/238960,Highest observed concurrent-player peak within the year
2022,2022-02-01,Path of Exile,POE,Steam,158140,#7C2D12,Steam,annual peak concurrent players,steamcharts_monthly_peak,high,https://steamcharts.com/app/238960,Highest observed concurrent-player peak within the year
2023,2023-04-01,Path of Exile,POE,Steam,209526,#7C2D12,Steam,annual peak concurrent players,steamcharts_monthly_peak,high,https://steamcharts.com/app/238960,Highest observed concurrent-player peak within the year
2024,2024-07-01,Path of Exile,POE,Steam,228398,#7C2D12,Steam,annual peak concurrent players,steamcharts_monthly_peak,high,https://steamcharts.com/app/238960,Highest observed concurrent-player peak within the year
2025,2025-10-01,Path of Exile,POE,Steam,184633,#7C2D12,Steam,annual peak concurrent players,steamcharts_monthly_peak,high,https://steamcharts.com/app/238960,Highest observed concurrent-player peak within the year
2026,2026-03-01,Path of Exile,POE,Steam,184284,#7C2D12,Steam,year-to-date peak concurrent players,steamcharts_monthly_peak,high,https://steamcharts.com/app/238960,2026 year-to-date as of 2026-06-21
2015,2015-08-01,ARK: Survival Evolved,ARK,Steam,84838,#84CC16,Steam,annual peak concurrent players,steamcharts_monthly_peak,high,https://steamcharts.com/app/346110,Highest observed concurrent-player peak within the year
2016,2016-05-01,ARK: Survival Evolved,ARK,Steam,78089,#84CC16,Steam,annual peak concurrent players,steamcharts_monthly_peak,high,https://steamcharts.com/app/346110,Highest observed concurrent-player peak within the year
2017,2017-02-01,ARK: Survival Evolved,ARK,Steam,100723,#84CC16,Steam,annual peak concurrent players,steamcharts_monthly_peak,high,https://steamcharts.com/app/346110,Highest observed concurrent-player peak within the year
2018,2018-11-01,ARK: Survival Evolved,ARK,Steam,106170,#84CC16,Steam,annual peak concurrent players,steamcharts_monthly_peak,high,https://steamcharts.com/app/346110,Highest observed concurrent-player peak within the year
2019,2019-06-01,ARK: Survival Evolved,ARK,Steam,83446,#84CC16,Steam,annual peak concurrent players,steamcharts_monthly_peak,high,https://steamcharts.com/app/346110,Highest observed concurrent-player peak within the year
2020,2020-03-01,ARK: Survival Evolved,ARK,Steam,157355,#84CC16,Steam,annual peak concurrent players,steamcharts_monthly_peak,high,https://steamcharts.com/app/346110,Highest observed concurrent-player peak within the year
2021,2021-06-01,ARK: Survival Evolved,ARK,Steam,147475,#84CC16,Steam,annual peak concurrent players,steamcharts_monthly_peak,high,https://steamcharts.com/app/346110,Highest observed concurrent-player peak within the year
2022,2022-06-01,ARK: Survival Evolved,ARK,Steam,247292,#84CC16,Steam,annual peak concurrent players,steamcharts_monthly_peak,high,https://steamcharts.com/app/346110,Highest observed concurrent-player peak within the year
2023,2023-08-01,ARK: Survival Evolved,ARK,Steam,94570,#84CC16,Steam,annual peak concurrent players,steamcharts_monthly_peak,high,https://steamcharts.com/app/346110,Highest observed concurrent-player peak within the year
2024,2024-01-01,ARK: Survival Evolved,ARK,Steam,41787,#84CC16,Steam,annual peak concurrent players,steamcharts_monthly_peak,high,https://steamcharts.com/app/346110,Highest observed concurrent-player peak within the year
2025,2025-06-01,ARK: Survival Evolved,ARK,Steam,65286,#84CC16,Steam,annual peak concurrent players,steamcharts_monthly_peak,high,https://steamcharts.com/app/346110,Highest observed concurrent-player peak within the year
2026,2026-01-01,ARK: Survival Evolved,ARK,Steam,37546,#84CC16,Steam,year-to-date peak concurrent players,steamcharts_monthly_peak,high,https://steamcharts.com/app/346110,2026 year-to-date as of 2026-06-21
2016,2016-11-01,Tom Clancy's Rainbow Six Siege,R6S,Steam,42265,#38BDF8,Steam,annual peak concurrent players,steamcharts_monthly_peak,high,https://steamcharts.com/app/359550,Highest observed concurrent-player peak within the year
2017,2017-12-01,Tom Clancy's Rainbow Six Siege,R6S,Steam,100433,#38BDF8,Steam,annual peak concurrent players,steamcharts_monthly_peak,high,https://steamcharts.com/app/359550,Highest observed concurrent-player peak within the year
2018,2018-03-01,Tom Clancy's Rainbow Six Siege,R6S,Steam,176208,#38BDF8,Steam,annual peak concurrent players,steamcharts_monthly_peak,high,https://steamcharts.com/app/359550,Highest observed concurrent-player peak within the year
2019,2019-09-01,Tom Clancy's Rainbow Six Siege,R6S,Steam,148365,#38BDF8,Steam,annual peak concurrent players,steamcharts_monthly_peak,high,https://steamcharts.com/app/359550,Highest observed concurrent-player peak within the year
2020,2020-03-01,Tom Clancy's Rainbow Six Siege,R6S,Steam,198567,#38BDF8,Steam,annual peak concurrent players,steamcharts_monthly_peak,high,https://steamcharts.com/app/359550,Highest observed concurrent-player peak within the year
2021,2021-03-01,Tom Clancy's Rainbow Six Siege,R6S,Steam,199830,#38BDF8,Steam,annual peak concurrent players,steamcharts_monthly_peak,high,https://steamcharts.com/app/359550,Highest observed concurrent-player peak within the year
2022,2022-03-01,Tom Clancy's Rainbow Six Siege,R6S,Steam,108630,#38BDF8,Steam,annual peak concurrent players,steamcharts_monthly_peak,high,https://steamcharts.com/app/359550,Highest observed concurrent-player peak within the year
2023,2023-03-01,Tom Clancy's Rainbow Six Siege,R6S,Steam,95149,#38BDF8,Steam,annual peak concurrent players,steamcharts_monthly_peak,high,https://steamcharts.com/app/359550,Highest observed concurrent-player peak within the year
2024,2024-03-01,Tom Clancy's Rainbow Six Siege,R6S,Steam,200476,#38BDF8,Steam,annual peak concurrent players,steamcharts_monthly_peak,high,https://steamcharts.com/app/359550,Highest observed concurrent-player peak within the year
2025,2025-03-01,Tom Clancy's Rainbow Six Siege,R6S,Steam,145490,#38BDF8,Steam,annual peak concurrent players,steamcharts_monthly_peak,high,https://steamcharts.com/app/359550,Highest observed concurrent-player peak within the year
2026,2026-03-01,Tom Clancy's Rainbow Six Siege,R6S,Steam,138483,#38BDF8,Steam,year-to-date peak concurrent players,steamcharts_monthly_peak,high,https://steamcharts.com/app/359550,2026 year-to-date as of 2026-06-21
2014,2014-07-01,Unturned,UNTURNED,Steam,62450,#22C55E,Steam,annual peak concurrent players,steamcharts_monthly_peak,high,https://steamcharts.com/app/304930,Highest observed concurrent-player peak within the year
2015,2015-10-01,Unturned,UNTURNED,Steam,36178,#22C55E,Steam,annual peak concurrent players,steamcharts_monthly_peak,high,https://steamcharts.com/app/304930,Highest observed concurrent-player peak within the year
2016,2016-08-01,Unturned,UNTURNED,Steam,55141,#22C55E,Steam,annual peak concurrent players,steamcharts_monthly_peak,high,https://steamcharts.com/app/304930,Highest observed concurrent-player peak within the year
2017,2017-02-01,Unturned,UNTURNED,Steam,42677,#22C55E,Steam,annual peak concurrent players,steamcharts_monthly_peak,high,https://steamcharts.com/app/304930,Highest observed concurrent-player peak within the year
2018,2018-12-01,Unturned,UNTURNED,Steam,36913,#22C55E,Steam,annual peak concurrent players,steamcharts_monthly_peak,high,https://steamcharts.com/app/304930,Highest observed concurrent-player peak within the year
2019,2019-10-01,Unturned,UNTURNED,Steam,47500,#22C55E,Steam,annual peak concurrent players,steamcharts_monthly_peak,high,https://steamcharts.com/app/304930,Highest observed concurrent-player peak within the year
2020,2020-03-01,Unturned,UNTURNED,Steam,42396,#22C55E,Steam,annual peak concurrent players,steamcharts_monthly_peak,high,https://steamcharts.com/app/304930,Highest observed concurrent-player peak within the year
2021,2021-12-01,Unturned,UNTURNED,Steam,70692,#22C55E,Steam,annual peak concurrent players,steamcharts_monthly_peak,high,https://steamcharts.com/app/304930,Highest observed concurrent-player peak within the year
2022,2022-10-01,Unturned,UNTURNED,Steam,92850,#22C55E,Steam,annual peak concurrent players,steamcharts_monthly_peak,high,https://steamcharts.com/app/304930,Highest observed concurrent-player peak within the year
2023,2023-01-01,Unturned,UNTURNED,Steam,112648,#22C55E,Steam,annual peak concurrent players,steamcharts_monthly_peak,high,https://steamcharts.com/app/304930,Highest observed concurrent-player peak within the year
2024,2024-05-01,Unturned,UNTURNED,Steam,68749,#22C55E,Steam,annual peak concurrent players,steamcharts_monthly_peak,high,https://steamcharts.com/app/304930,Highest observed concurrent-player peak within the year
2025,2025-03-01,Unturned,UNTURNED,Steam,34966,#22C55E,Steam,annual peak concurrent players,steamcharts_monthly_peak,high,https://steamcharts.com/app/304930,Highest observed concurrent-player peak within the year
2026,2026-05-01,Unturned,UNTURNED,Steam,27544,#22C55E,Steam,year-to-date peak concurrent players,steamcharts_monthly_peak,high,https://steamcharts.com/app/304930,2026 year-to-date as of 2026-06-21
2013,2013-08-01,PAYDAY 2,PAYDAY2,Steam,57346,#2563EB,Steam,annual peak concurrent players,steamcharts_monthly_peak,high,https://steamcharts.com/app/218620,Highest observed concurrent-player peak within the year
2014,2014-10-01,PAYDAY 2,PAYDAY2,Steam,72242,#2563EB,Steam,annual peak concurrent players,steamcharts_monthly_peak,high,https://steamcharts.com/app/218620,Highest observed concurrent-player peak within the year
2015,2015-03-01,PAYDAY 2,PAYDAY2,Steam,81105,#2563EB,Steam,annual peak concurrent players,steamcharts_monthly_peak,high,https://steamcharts.com/app/218620,Highest observed concurrent-player peak within the year
2016,2016-06-01,PAYDAY 2,PAYDAY2,Steam,43415,#2563EB,Steam,annual peak concurrent players,steamcharts_monthly_peak,high,https://steamcharts.com/app/218620,Highest observed concurrent-player peak within the year
2017,2017-06-01,PAYDAY 2,PAYDAY2,Steam,247628,#2563EB,Steam,annual peak concurrent players,steamcharts_monthly_peak,high,https://steamcharts.com/app/218620,Highest observed concurrent-player peak within the year
2018,2018-04-01,PAYDAY 2,PAYDAY2,Steam,90893,#2563EB,Steam,annual peak concurrent players,steamcharts_monthly_peak,high,https://steamcharts.com/app/218620,Highest observed concurrent-player peak within the year
2019,2019-11-01,PAYDAY 2,PAYDAY2,Steam,56187,#2563EB,Steam,annual peak concurrent players,steamcharts_monthly_peak,high,https://steamcharts.com/app/218620,Highest observed concurrent-player peak within the year
2020,2020-05-01,PAYDAY 2,PAYDAY2,Steam,61728,#2563EB,Steam,annual peak concurrent players,steamcharts_monthly_peak,high,https://steamcharts.com/app/218620,Highest observed concurrent-player peak within the year
2021,2021-12-01,PAYDAY 2,PAYDAY2,Steam,61808,#2563EB,Steam,annual peak concurrent players,steamcharts_monthly_peak,high,https://steamcharts.com/app/218620,Highest observed concurrent-player peak within the year
2022,2022-12-01,PAYDAY 2,PAYDAY2,Steam,72662,#2563EB,Steam,annual peak concurrent players,steamcharts_monthly_peak,high,https://steamcharts.com/app/218620,Highest observed concurrent-player peak within the year
2023,2023-04-01,PAYDAY 2,PAYDAY2,Steam,69634,#2563EB,Steam,annual peak concurrent players,steamcharts_monthly_peak,high,https://steamcharts.com/app/218620,Highest observed concurrent-player peak within the year
2024,2024-06-01,PAYDAY 2,PAYDAY2,Steam,49489,#2563EB,Steam,annual peak concurrent players,steamcharts_monthly_peak,high,https://steamcharts.com/app/218620,Highest observed concurrent-player peak within the year
2025,2025-06-01,PAYDAY 2,PAYDAY2,Steam,42341,#2563EB,Steam,annual peak concurrent players,steamcharts_monthly_peak,high,https://steamcharts.com/app/218620,Highest observed concurrent-player peak within the year
2026,2026-05-01,PAYDAY 2,PAYDAY2,Steam,36506,#2563EB,Steam,year-to-date peak concurrent players,steamcharts_monthly_peak,high,https://steamcharts.com/app/218620,2026 year-to-date as of 2026-06-21
2015,2015-12-01,Rocket League,ROCKETLEAGUE,Steam,44875,#0EA5E9,Steam,annual peak concurrent players,steamcharts_monthly_peak,high,https://steamcharts.com/app/252950,Highest observed concurrent-player peak within the year
2016,2016-04-01,Rocket League,ROCKETLEAGUE,Steam,102684,#0EA5E9,Steam,annual peak concurrent players,steamcharts_monthly_peak,high,https://steamcharts.com/app/252950,Highest observed concurrent-player peak within the year
2017,2017-05-01,Rocket League,ROCKETLEAGUE,Steam,82254,#0EA5E9,Steam,annual peak concurrent players,steamcharts_monthly_peak,high,https://steamcharts.com/app/252950,Highest observed concurrent-player peak within the year
2018,2018-07-01,Rocket League,ROCKETLEAGUE,Steam,82303,#0EA5E9,Steam,annual peak concurrent players,steamcharts_monthly_peak,high,https://steamcharts.com/app/252950,Highest observed concurrent-player peak within the year
2019,2019-12-01,Rocket League,ROCKETLEAGUE,Steam,80213,#0EA5E9,Steam,annual peak concurrent players,steamcharts_monthly_peak,high,https://steamcharts.com/app/252950,Highest observed concurrent-player peak within the year
2020,2020-09-01,Rocket League,ROCKETLEAGUE,Steam,146902,#0EA5E9,Steam,annual peak concurrent players,steamcharts_monthly_peak,high,https://steamcharts.com/app/252950,Highest observed concurrent-player peak within the year
2021,2021-01-01,Rocket League,ROCKETLEAGUE,Steam,112482,#0EA5E9,Steam,annual peak concurrent players,steamcharts_monthly_peak,high,https://steamcharts.com/app/252950,Highest observed concurrent-player peak within the year
2022,2022-01-01,Rocket League,ROCKETLEAGUE,Steam,54482,#0EA5E9,Steam,annual peak concurrent players,steamcharts_monthly_peak,high,https://steamcharts.com/app/252950,Highest observed concurrent-player peak within the year
2023,2023-03-01,Rocket League,ROCKETLEAGUE,Steam,51401,#0EA5E9,Steam,annual peak concurrent players,steamcharts_monthly_peak,high,https://steamcharts.com/app/252950,Highest observed concurrent-player peak within the year
2024,2024-03-01,Rocket League,ROCKETLEAGUE,Steam,39485,#0EA5E9,Steam,annual peak concurrent players,steamcharts_monthly_peak,high,https://steamcharts.com/app/252950,Highest observed concurrent-player peak within the year
2025,2025-03-01,Rocket League,ROCKETLEAGUE,Steam,35847,#0EA5E9,Steam,annual peak concurrent players,steamcharts_monthly_peak,high,https://steamcharts.com/app/252950,Highest observed concurrent-player peak within the year
2026,2026-03-01,Rocket League,ROCKETLEAGUE,Steam,40982,#0EA5E9,Steam,year-to-date peak concurrent players,steamcharts_monthly_peak,high,https://steamcharts.com/app/252950,2026 year-to-date as of 2026-06-21
2020,2020-09-01,Among Us,AMONGUS,Steam,438524,#EF4444,Steam,annual peak concurrent players,steamcharts_monthly_peak,high,https://steamcharts.com/app/945360,Highest observed concurrent-player peak within the year
2021,2021-03-01,Among Us,AMONGUS,Steam,130138,#EF4444,Steam,annual peak concurrent players,steamcharts_monthly_peak,high,https://steamcharts.com/app/945360,Highest observed concurrent-player peak within the year
2022,2022-01-01,Among Us,AMONGUS,Steam,19495,#EF4444,Steam,annual peak concurrent players,steamcharts_monthly_peak,high,https://steamcharts.com/app/945360,Highest observed concurrent-player peak within the year
2023,2023-10-01,Among Us,AMONGUS,Steam,13863,#EF4444,Steam,annual peak concurrent players,steamcharts_monthly_peak,high,https://steamcharts.com/app/945360,Highest observed concurrent-player peak within the year
2024,2024-12-01,Among Us,AMONGUS,Steam,13999,#EF4444,Steam,annual peak concurrent players,steamcharts_monthly_peak,high,https://steamcharts.com/app/945360,Highest observed concurrent-player peak within the year
2025,2025-12-01,Among Us,AMONGUS,Steam,16135,#EF4444,Steam,annual peak concurrent players,steamcharts_monthly_peak,high,https://steamcharts.com/app/945360,Highest observed concurrent-player peak within the year
2026,2026-04-01,Among Us,AMONGUS,Steam,20102,#EF4444,Steam,year-to-date peak concurrent players,steamcharts_monthly_peak,high,https://steamcharts.com/app/945360,2026 year-to-date as of 2026-06-21
2021,2021-12-01,Goose Goose Duck,GGOOSE,Steam,5847,#FACC15,Steam,annual peak concurrent players,steamcharts_monthly_peak,high,https://steamcharts.com/app/1568590,Highest observed concurrent-player peak within the year
2022,2022-12-01,Goose Goose Duck,GGOOSE,Steam,414978,#FACC15,Steam,annual peak concurrent players,steamcharts_monthly_peak,high,https://steamcharts.com/app/1568590,Highest observed concurrent-player peak within the year
2023,2023-01-01,Goose Goose Duck,GGOOSE,Steam,701898,#FACC15,Steam,annual peak concurrent players,steamcharts_monthly_peak,high,https://steamcharts.com/app/1568590,Highest observed concurrent-player peak within the year
2024,2024-01-01,Goose Goose Duck,GGOOSE,Steam,39356,#FACC15,Steam,annual peak concurrent players,steamcharts_monthly_peak,high,https://steamcharts.com/app/1568590,Highest observed concurrent-player peak within the year
2025,2025-01-01,Goose Goose Duck,GGOOSE,Steam,32212,#FACC15,Steam,annual peak concurrent players,steamcharts_monthly_peak,high,https://steamcharts.com/app/1568590,Highest observed concurrent-player peak within the year
2026,2026-01-01,Goose Goose Duck,GGOOSE,Steam,33338,#FACC15,Steam,year-to-date peak concurrent players,steamcharts_monthly_peak,high,https://steamcharts.com/app/1568590,2026 year-to-date as of 2026-06-21
2021,2021-12-01,NARAKA: BLADEPOINT,NARAKA,Steam,186707,#A855F7,Steam,annual peak concurrent players,steamcharts_monthly_peak,high,https://steamcharts.com/app/1203220,Highest observed concurrent-player peak within the year
2022,2022-11-01,NARAKA: BLADEPOINT,NARAKA,Steam,166259,#A855F7,Steam,annual peak concurrent players,steamcharts_monthly_peak,high,https://steamcharts.com/app/1203220,Highest observed concurrent-player peak within the year
2023,2023-10-01,NARAKA: BLADEPOINT,NARAKA,Steam,295419,#A855F7,Steam,annual peak concurrent players,steamcharts_monthly_peak,high,https://steamcharts.com/app/1203220,Highest observed concurrent-player peak within the year
2024,2024-07-01,NARAKA: BLADEPOINT,NARAKA,Steam,385770,#A855F7,Steam,annual peak concurrent players,steamcharts_monthly_peak,high,https://steamcharts.com/app/1203220,Highest observed concurrent-player peak within the year
2025,2025-01-01,NARAKA: BLADEPOINT,NARAKA,Steam,239741,#A855F7,Steam,annual peak concurrent players,steamcharts_monthly_peak,high,https://steamcharts.com/app/1203220,Highest observed concurrent-player peak within the year
2026,2026-01-01,NARAKA: BLADEPOINT,NARAKA,Steam,116200,#A855F7,Steam,year-to-date peak concurrent players,steamcharts_monthly_peak,high,https://steamcharts.com/app/1203220,2026 year-to-date as of 2026-06-21
2024,2024-02-01,HELLDIVERS 2,HELLDIVERS2,Steam,458208,#FDE047,Steam,annual peak concurrent players,steamcharts_monthly_peak,high,https://steamcharts.com/app/553850,Highest observed concurrent-player peak within the year
2025,2025-09-01,HELLDIVERS 2,HELLDIVERS2,Steam,177327,#FDE047,Steam,annual peak concurrent players,steamcharts_monthly_peak,high,https://steamcharts.com/app/553850,Highest observed concurrent-player peak within the year
2026,2026-02-01,HELLDIVERS 2,HELLDIVERS2,Steam,171120,#FDE047,Steam,year-to-date peak concurrent players,steamcharts_monthly_peak,high,https://steamcharts.com/app/553850,2026 year-to-date as of 2026-06-21
2024,2024-07-01,Once Human,ONCEHUMAN,Steam,231343,#10B981,Steam,annual peak concurrent players,steamcharts_monthly_peak,high,https://steamcharts.com/app/2139460,Highest observed concurrent-player peak within the year
2025,2025-05-01,Once Human,ONCEHUMAN,Steam,58733,#10B981,Steam,annual peak concurrent players,steamcharts_monthly_peak,high,https://steamcharts.com/app/2139460,Highest observed concurrent-player peak within the year
2026,2026-01-01,Once Human,ONCEHUMAN,Steam,24093,#10B981,Steam,year-to-date peak concurrent players,steamcharts_monthly_peak,high,https://steamcharts.com/app/2139460,2026 year-to-date as of 2026-06-21
2024,2024-07-01,The First Descendant,FIRSTDESC,Steam,264860,#EC4899,Steam,annual peak concurrent players,steamcharts_monthly_peak,high,https://steamcharts.com/app/2074920,Highest observed concurrent-player peak within the year
2025,2025-03-01,The First Descendant,FIRSTDESC,Steam,23272,#EC4899,Steam,annual peak concurrent players,steamcharts_monthly_peak,high,https://steamcharts.com/app/2074920,Highest observed concurrent-player peak within the year
2026,2026-02-01,The First Descendant,FIRSTDESC,Steam,13925,#EC4899,Steam,year-to-date peak concurrent players,steamcharts_monthly_peak,high,https://steamcharts.com/app/2074920,2026 year-to-date as of 2026-06-21
2022,2022-11-01,Call of Duty,COD,Steam,488897,#9CA3AF,Steam,annual peak concurrent players,steamcharts_monthly_peak,high,https://steamcharts.com/app/1938090,Highest observed concurrent-player peak within the year
2023,2023-11-01,Call of Duty,COD,Steam,190273,#9CA3AF,Steam,annual peak concurrent players,steamcharts_monthly_peak,high,https://steamcharts.com/app/1938090,Highest observed concurrent-player peak within the year
2024,2024-11-01,Call of Duty,COD,Steam,313313,#9CA3AF,Steam,annual peak concurrent players,steamcharts_monthly_peak,high,https://steamcharts.com/app/1938090,Highest observed concurrent-player peak within the year
2025,2025-04-01,Call of Duty,COD,Steam,138335,#9CA3AF,Steam,annual peak concurrent players,steamcharts_monthly_peak,high,https://steamcharts.com/app/1938090,Highest observed concurrent-player peak within the year
2026,2026-02-01,Call of Duty,COD,Steam,65904,#9CA3AF,Steam,year-to-date peak concurrent players,steamcharts_monthly_peak,high,https://steamcharts.com/app/1938090,2026 year-to-date as of 2026-06-21
2022,2022-05-01,V Rising,VRISING,Steam,150645,#DC2626,Steam,annual peak concurrent players,steamcharts_monthly_peak,high,https://steamcharts.com/app/1604030,Highest observed concurrent-player peak within the year
2023,2023-05-01,V Rising,VRISING,Steam,77285,#DC2626,Steam,annual peak concurrent players,steamcharts_monthly_peak,high,https://steamcharts.com/app/1604030,Highest observed concurrent-player peak within the year
2024,2024-05-01,V Rising,VRISING,Steam,132519,#DC2626,Steam,annual peak concurrent players,steamcharts_monthly_peak,high,https://steamcharts.com/app/1604030,Highest observed concurrent-player peak within the year
2025,2025-05-01,V Rising,VRISING,Steam,76601,#DC2626,Steam,annual peak concurrent players,steamcharts_monthly_peak,high,https://steamcharts.com/app/1604030,Highest observed concurrent-player peak within the year
2026,2026-05-01,V Rising,VRISING,Steam,21343,#DC2626,Steam,year-to-date peak concurrent players,steamcharts_monthly_peak,high,https://steamcharts.com/app/1604030,2026 year-to-date as of 2026-06-21
2015,2015-11-01,War Thunder,WARTHUNDER,Steam,35236,#64748B,Steam,annual peak concurrent players,steamcharts_monthly_peak,high,https://steamcharts.com/app/236390,Highest observed concurrent-player peak within the year
2016,2016-09-01,War Thunder,WARTHUNDER,Steam,24737,#64748B,Steam,annual peak concurrent players,steamcharts_monthly_peak,high,https://steamcharts.com/app/236390,Highest observed concurrent-player peak within the year
2017,2017-11-01,War Thunder,WARTHUNDER,Steam,22828,#64748B,Steam,annual peak concurrent players,steamcharts_monthly_peak,high,https://steamcharts.com/app/236390,Highest observed concurrent-player peak within the year
2018,2018-03-01,War Thunder,WARTHUNDER,Steam,27595,#64748B,Steam,annual peak concurrent players,steamcharts_monthly_peak,high,https://steamcharts.com/app/236390,Highest observed concurrent-player peak within the year
2019,2019-04-01,War Thunder,WARTHUNDER,Steam,25719,#64748B,Steam,annual peak concurrent players,steamcharts_monthly_peak,high,https://steamcharts.com/app/236390,Highest observed concurrent-player peak within the year
2020,2020-11-01,War Thunder,WARTHUNDER,Steam,55865,#64748B,Steam,annual peak concurrent players,steamcharts_monthly_peak,high,https://steamcharts.com/app/236390,Highest observed concurrent-player peak within the year
2021,2021-04-01,War Thunder,WARTHUNDER,Steam,63379,#64748B,Steam,annual peak concurrent players,steamcharts_monthly_peak,high,https://steamcharts.com/app/236390,Highest observed concurrent-player peak within the year
2022,2022-11-01,War Thunder,WARTHUNDER,Steam,88331,#64748B,Steam,annual peak concurrent players,steamcharts_monthly_peak,high,https://steamcharts.com/app/236390,Highest observed concurrent-player peak within the year
2023,2023-11-01,War Thunder,WARTHUNDER,Steam,114806,#64748B,Steam,annual peak concurrent players,steamcharts_monthly_peak,high,https://steamcharts.com/app/236390,Highest observed concurrent-player peak within the year
2024,2024-02-01,War Thunder,WARTHUNDER,Steam,121180,#64748B,Steam,annual peak concurrent players,steamcharts_monthly_peak,high,https://steamcharts.com/app/236390,Highest observed concurrent-player peak within the year
2025,2025-12-01,War Thunder,WARTHUNDER,Steam,119540,#64748B,Steam,annual peak concurrent players,steamcharts_monthly_peak,high,https://steamcharts.com/app/236390,Highest observed concurrent-player peak within the year
2026,2026-04-01,War Thunder,WARTHUNDER,Steam,125317,#64748B,Steam,year-to-date peak concurrent players,steamcharts_monthly_peak,high,https://steamcharts.com/app/236390,2026 year-to-date as of 2026-06-21
2012,2012-12-01,Garry's Mod,GMOD,Steam,22009,#60A5FA,Steam,annual peak concurrent players,steamcharts_monthly_peak,high,https://steamcharts.com/app/4000,Highest observed concurrent-player peak within the year
2013,2013-12-01,Garry's Mod,GMOD,Steam,53559,#60A5FA,Steam,annual peak concurrent players,steamcharts_monthly_peak,high,https://steamcharts.com/app/4000,Highest observed concurrent-player peak within the year
2014,2014-06-01,Garry's Mod,GMOD,Steam,68101,#60A5FA,Steam,annual peak concurrent players,steamcharts_monthly_peak,high,https://steamcharts.com/app/4000,Highest observed concurrent-player peak within the year
2015,2015-01-01,Garry's Mod,GMOD,Steam,73750,#60A5FA,Steam,annual peak concurrent players,steamcharts_monthly_peak,high,https://steamcharts.com/app/4000,Highest observed concurrent-player peak within the year
2016,2016-01-01,Garry's Mod,GMOD,Steam,69854,#60A5FA,Steam,annual peak concurrent players,steamcharts_monthly_peak,high,https://steamcharts.com/app/4000,Highest observed concurrent-player peak within the year
2017,2017-01-01,Garry's Mod,GMOD,Steam,68016,#60A5FA,Steam,annual peak concurrent players,steamcharts_monthly_peak,high,https://steamcharts.com/app/4000,Highest observed concurrent-player peak within the year
2018,2018-01-01,Garry's Mod,GMOD,Steam,60078,#60A5FA,Steam,annual peak concurrent players,steamcharts_monthly_peak,high,https://steamcharts.com/app/4000,Highest observed concurrent-player peak within the year
2019,2019-01-01,Garry's Mod,GMOD,Steam,53218,#60A5FA,Steam,annual peak concurrent players,steamcharts_monthly_peak,high,https://steamcharts.com/app/4000,Highest observed concurrent-player peak within the year
2020,2020-03-01,Garry's Mod,GMOD,Steam,61933,#60A5FA,Steam,annual peak concurrent players,steamcharts_monthly_peak,high,https://steamcharts.com/app/4000,Highest observed concurrent-player peak within the year
2021,2021-01-01,Garry's Mod,GMOD,Steam,46668,#60A5FA,Steam,annual peak concurrent players,steamcharts_monthly_peak,high,https://steamcharts.com/app/4000,Highest observed concurrent-player peak within the year
2022,2022-01-01,Garry's Mod,GMOD,Steam,45812,#60A5FA,Steam,annual peak concurrent players,steamcharts_monthly_peak,high,https://steamcharts.com/app/4000,Highest observed concurrent-player peak within the year
2023,2023-01-01,Garry's Mod,GMOD,Steam,45181,#60A5FA,Steam,annual peak concurrent players,steamcharts_monthly_peak,high,https://steamcharts.com/app/4000,Highest observed concurrent-player peak within the year
2024,2024-03-01,Garry's Mod,GMOD,Steam,38902,#60A5FA,Steam,annual peak concurrent players,steamcharts_monthly_peak,high,https://steamcharts.com/app/4000,Highest observed concurrent-player peak within the year
2025,2025-01-01,Garry's Mod,GMOD,Steam,38212,#60A5FA,Steam,annual peak concurrent players,steamcharts_monthly_peak,high,https://steamcharts.com/app/4000,Highest observed concurrent-player peak within the year
2026,2026-05-01,Garry's Mod,GMOD,Steam,39188,#60A5FA,Steam,year-to-date peak concurrent players,steamcharts_monthly_peak,high,https://steamcharts.com/app/4000,2026 year-to-date as of 2026-06-21
2012,2012-07-01,Left 4 Dead 2,L4D2,Steam,42773,#16A34A,Steam,annual peak concurrent players,steamcharts_monthly_peak,high,https://steamcharts.com/app/550,Highest observed concurrent-player peak within the year
2013,2013-09-01,Left 4 Dead 2,L4D2,Steam,47070,#16A34A,Steam,annual peak concurrent players,steamcharts_monthly_peak,high,https://steamcharts.com/app/550,Highest observed concurrent-player peak within the year
2014,2014-11-01,Left 4 Dead 2,L4D2,Steam,49921,#16A34A,Steam,annual peak concurrent players,steamcharts_monthly_peak,high,https://steamcharts.com/app/550,Highest observed concurrent-player peak within the year
2015,2015-11-01,Left 4 Dead 2,L4D2,Steam,33885,#16A34A,Steam,annual peak concurrent players,steamcharts_monthly_peak,high,https://steamcharts.com/app/550,Highest observed concurrent-player peak within the year
2016,2016-12-01,Left 4 Dead 2,L4D2,Steam,33332,#16A34A,Steam,annual peak concurrent players,steamcharts_monthly_peak,high,https://steamcharts.com/app/550,Highest observed concurrent-player peak within the year
2017,2017-07-01,Left 4 Dead 2,L4D2,Steam,42773,#16A34A,Steam,annual peak concurrent players,steamcharts_monthly_peak,high,https://steamcharts.com/app/550,Highest observed concurrent-player peak within the year
2018,2018-01-01,Left 4 Dead 2,L4D2,Steam,28171,#16A34A,Steam,annual peak concurrent players,steamcharts_monthly_peak,high,https://steamcharts.com/app/550,Highest observed concurrent-player peak within the year
2019,2019-05-01,Left 4 Dead 2,L4D2,Steam,26978,#16A34A,Steam,annual peak concurrent players,steamcharts_monthly_peak,high,https://steamcharts.com/app/550,Highest observed concurrent-player peak within the year
2020,2020-09-01,Left 4 Dead 2,L4D2,Steam,100965,#16A34A,Steam,annual peak concurrent players,steamcharts_monthly_peak,high,https://steamcharts.com/app/550,Highest observed concurrent-player peak within the year
2021,2021-08-01,Left 4 Dead 2,L4D2,Steam,49003,#16A34A,Steam,annual peak concurrent players,steamcharts_monthly_peak,high,https://steamcharts.com/app/550,Highest observed concurrent-player peak within the year
2022,2022-11-01,Left 4 Dead 2,L4D2,Steam,84991,#16A34A,Steam,annual peak concurrent players,steamcharts_monthly_peak,high,https://steamcharts.com/app/550,Highest observed concurrent-player peak within the year
2023,2023-03-01,Left 4 Dead 2,L4D2,Steam,85147,#16A34A,Steam,annual peak concurrent players,steamcharts_monthly_peak,high,https://steamcharts.com/app/550,Highest observed concurrent-player peak within the year
2024,2024-11-01,Left 4 Dead 2,L4D2,Steam,71531,#16A34A,Steam,annual peak concurrent players,steamcharts_monthly_peak,high,https://steamcharts.com/app/550,Highest observed concurrent-player peak within the year
2025,2025-06-01,Left 4 Dead 2,L4D2,Steam,52111,#16A34A,Steam,annual peak concurrent players,steamcharts_monthly_peak,high,https://steamcharts.com/app/550,Highest observed concurrent-player peak within the year
2026,2026-05-01,Left 4 Dead 2,L4D2,Steam,42053,#16A34A,Steam,year-to-date peak concurrent players,steamcharts_monthly_peak,high,https://steamcharts.com/app/550,2026 year-to-date as of 2026-06-21
2013,2013-12-01,DayZ,DAYZ,Steam,45398,#78716C,Steam,annual peak concurrent players,steamcharts_monthly_peak,high,https://steamcharts.com/app/221100,Highest observed concurrent-player peak within the year
2014,2014-01-01,DayZ,DAYZ,Steam,42545,#78716C,Steam,annual peak concurrent players,steamcharts_monthly_peak,high,https://steamcharts.com/app/221100,Highest observed concurrent-player peak within the year
2015,2015-01-01,DayZ,DAYZ,Steam,29335,#78716C,Steam,annual peak concurrent players,steamcharts_monthly_peak,high,https://steamcharts.com/app/221100,Highest observed concurrent-player peak within the year
2016,2016-06-01,DayZ,DAYZ,Steam,27880,#78716C,Steam,annual peak concurrent players,steamcharts_monthly_peak,high,https://steamcharts.com/app/221100,Highest observed concurrent-player peak within the year
2017,2017-01-01,DayZ,DAYZ,Steam,12926,#78716C,Steam,annual peak concurrent players,steamcharts_monthly_peak,high,https://steamcharts.com/app/221100,Highest observed concurrent-player peak within the year
2018,2018-12-01,DayZ,DAYZ,Steam,29324,#78716C,Steam,annual peak concurrent players,steamcharts_monthly_peak,high,https://steamcharts.com/app/221100,Highest observed concurrent-player peak within the year
2019,2019-12-01,DayZ,DAYZ,Steam,24254,#78716C,Steam,annual peak concurrent players,steamcharts_monthly_peak,high,https://steamcharts.com/app/221100,Highest observed concurrent-player peak within the year
2020,2020-02-01,DayZ,DAYZ,Steam,40545,#78716C,Steam,annual peak concurrent players,steamcharts_monthly_peak,high,https://steamcharts.com/app/221100,Highest observed concurrent-player peak within the year
2021,2021-11-01,DayZ,DAYZ,Steam,45973,#78716C,Steam,annual peak concurrent players,steamcharts_monthly_peak,high,https://steamcharts.com/app/221100,Highest observed concurrent-player peak within the year
2022,2022-04-01,DayZ,DAYZ,Steam,58240,#78716C,Steam,annual peak concurrent players,steamcharts_monthly_peak,high,https://steamcharts.com/app/221100,Highest observed concurrent-player peak within the year
2023,2023-11-01,DayZ,DAYZ,Steam,69372,#78716C,Steam,annual peak concurrent players,steamcharts_monthly_peak,high,https://steamcharts.com/app/221100,Highest observed concurrent-player peak within the year
2024,2024-10-01,DayZ,DAYZ,Steam,78739,#78716C,Steam,annual peak concurrent players,steamcharts_monthly_peak,high,https://steamcharts.com/app/221100,Highest observed concurrent-player peak within the year
2025,2025-03-01,DayZ,DAYZ,Steam,75508,#78716C,Steam,annual peak concurrent players,steamcharts_monthly_peak,high,https://steamcharts.com/app/221100,Highest observed concurrent-player peak within the year
2026,2026-04-01,DayZ,DAYZ,Steam,74297,#78716C,Steam,year-to-date peak concurrent players,steamcharts_monthly_peak,high,https://steamcharts.com/app/221100,2026 year-to-date as of 2026-06-21
2009,2009-01-05,EVE Online,EVE,Global,45186,#14B8A6,Single-shard MMO,reported peak concurrent users,company_secondary,medium_high,https://www.wired.com/2009/01/eve-online-tops,EVE Online single-shard PCU record reported by Wired and CCP
2010,2010-09-30,World of Tanks,WOT,Global,53000,#10B981,PC MMO shooter,reported regional peak concurrent users,company_secondary,medium,https://en.wikipedia.org/wiki/World_of_Tanks,Wargaming press summary reports over 43k Russian plus 10k Western concurrent users
2011,2011-01-23,World of Tanks,WOT,Global,91311,#10B981,PC MMO shooter,reported peak concurrent users,guinness_secondary,medium_high,https://en.wikipedia.org/wiki/World_of_Tanks,Guinness single MMO server concurrent user record
2011,2011-01-23,EVE Online,EVE,Global,63170,#14B8A6,Single-shard MMO,reported peak concurrent users,company_secondary,medium_high,https://en.wikipedia.org/wiki/Eve_Online,EVE Online previous single-shard PCU record referenced in public history
2012,2012-07-01,Counter-Strike,CSTRIKE,Steam,61189,#FCD34D,Steam,annual peak concurrent players,steamcharts_monthly_peak,high,https://steamcharts.com/app/10,Highest observed concurrent-player peak within the year
2012,2012-08-01,Counter-Strike: Source,CSS,Steam,48007,#FBBF24,Steam,annual peak concurrent players,steamcharts_monthly_peak,high,https://steamcharts.com/app/240,Highest observed concurrent-player peak within the year
2012,2012-09-01,Borderlands 2,BORDERLANDS2,Steam,123596,#F97316,Steam co-op shooter,annual peak concurrent players,steamcharts_monthly_peak,medium_high,https://steamcharts.com/app/49520,Broader multiplayer candidate used for sparse early-year coverage
2012,2012-07-01,Terraria,TERRARIA,Steam,16097,#22C55E,Steam co-op/sandbox,annual peak concurrent players,steamcharts_monthly_peak,medium,https://steamcharts.com/app/105600,Broader multiplayer candidate used for sparse early-year coverage
2013,2013-12-31,World of Tanks,WOT,Global,1100000,#10B981,PC MMO shooter,reported peak concurrent users,company_secondary,medium,https://en.wikipedia.org/wiki/World_of_Tanks,Public history summary reports 1.1M peak concurrent players by December 2013
2013,2013-08-28,Guild Wars 2,GW2,Global,460000,#F43F5E,PC MMORPG,reported peak concurrent players,company_secondary,medium,https://en.wikipedia.org/wiki/Guild_Wars_2,Public history summary reports 460k peak concurrency by August 2013
2013,2013-05-05,EVE Online,EVE,Global,65303,#14B8A6,Single-shard MMO,reported peak concurrent users,company_secondary,medium_high,https://en.wikipedia.org/wiki/Eve_Online,EVE Online single-shard PCU record
2013,2013-01-01,Counter-Strike,CSTRIKE,Steam,65188,#FCD34D,Steam,annual peak concurrent players,steamcharts_monthly_peak,high,https://steamcharts.com/app/10,Highest observed concurrent-player peak within the year
2013,2013-01-01,Counter-Strike: Source,CSS,Steam,48458,#FBBF24,Steam,annual peak concurrent players,steamcharts_monthly_peak,high,https://steamcharts.com/app/240,Highest observed concurrent-player peak within the year
2014,2014-01-14,World of Tanks,WOT,Global,1114337,#10B981,PC MMO shooter,reported peak concurrent users,guinness_secondary,medium_high,https://en.wikipedia.org/wiki/World_of_Tanks,Guinness cluster concurrent user record
2014,2014-01-01,Counter-Strike,CSTRIKE,Steam,44491,#FCD34D,Steam,annual peak concurrent players,steamcharts_monthly_peak,high,https://steamcharts.com/app/10,Highest observed concurrent-player peak within the year
2014,2014-01-01,Counter-Strike: Source,CSS,Steam,35222,#FBBF24,Steam,annual peak concurrent players,steamcharts_monthly_peak,high,https://steamcharts.com/app/240,Highest observed concurrent-player peak within the year
2015,2015-01-01,Counter-Strike,CSTRIKE,Steam,37018,#FCD34D,Steam,annual peak concurrent players,steamcharts_monthly_peak,high,https://steamcharts.com/app/10,Highest observed concurrent-player peak within the year
2015,2015-01-01,Counter-Strike: Source,CSS,Steam,24519,#FBBF24,Steam,annual peak concurrent players,steamcharts_monthly_peak,high,https://steamcharts.com/app/240,Highest observed concurrent-player peak within the year
2016,2016-01-01,Counter-Strike,CSTRIKE,Steam,29670,#FCD34D,Steam,annual peak concurrent players,steamcharts_monthly_peak,high,https://steamcharts.com/app/10,Highest observed concurrent-player peak within the year
2016,2016-01-01,Counter-Strike: Source,CSS,Steam,16142,#FBBF24,Steam,annual peak concurrent players,steamcharts_monthly_peak,high,https://steamcharts.com/app/240,Highest observed concurrent-player peak within the year
2012,2012-06-01,CrossFire,CROSSFIRE,Global,8000000,#E11D48,PC online shooter,reported peak concurrent players,company_secondary,medium,https://en.wikipedia.org/wiki/Smilegate,Smilegate public history summary cites more than 8M concurrent users worldwide
2012,2012-08-24,Dungeon Fighter Online,DFO,China/global,3000000,#7C3AED,PC action RPG,reported peak concurrent users,company_secondary,medium,https://en.wikipedia.org/wiki/Dungeon_Fighter_Online,Reported 3M concurrent users in China in August 2012
2013,2013-12-01,League of Legends,LOL,Global,6250000,#C89B3C,PC MOBA,estimated minimum peak concurrent players,estimated_min_peak_ccu,medium_low,https://pt.wikipedia.org/wiki/League_of_Legends,Minimum estimate interpolated between Riot-reported 2012 5M peak and 2014 7.5M peak
2015,2015-12-01,League of Legends,LOL,Global,7500000,#C89B3C,PC MOBA,estimated minimum peak concurrent players,estimated_min_peak_ccu,medium_low,https://pt.wikipedia.org/wiki/League_of_Legends,Minimum estimate held at the 2014 Riot-reported 7.5M peak because no 2015 LoL-only CCU disclosure was found
2016,2016-12-01,League of Legends,LOL,Global,9500000,#C89B3C,PC MOBA,estimated midpoint peak concurrent players,estimated_mid_peak_ccu,medium,user_provided_research,User midpoint estimate from 8.0-11.0M range; Riot 2016 LoL MAU exceeded 100M but PCU was not disclosed
2017,2017-12-01,League of Legends,LOL,Global,7500000,#C89B3C,PC MOBA,estimated midpoint peak concurrent players,estimated_mid_peak_ccu,low_medium,user_provided_research,User midpoint estimate from 6.0-9.0M range; unofficial 2017 MAU sources vary from 81M to 100M
2018,2018-12-01,League of Legends,LOL,Global,6500000,#C89B3C,PC MOBA,estimated midpoint peak concurrent players,estimated_mid_peak_ccu,low_medium,user_provided_research,User midpoint estimate from 5.5-7.5M range; unofficial MAU tables put 2018 near 75M
2019,2019-12-01,League of Legends,LOL,Global,8500000,#C89B3C,PC MOBA,estimated midpoint annual peak concurrent players,estimated_mid_peak_ccu,high,user_provided_research,User midpoint estimate from 8.0-9.5M range; Riot reported about 8M daily peak PCU in August 2019
2020,2020-12-01,League of Legends,LOL,Global,10500000,#C89B3C,PC MOBA,estimated midpoint peak concurrent players,estimated_mid_peak_ccu,medium,user_provided_research,User midpoint estimate from 9.5-11.5M range; unofficial MAU near 136M plus Riot 2020 playtime and daily-player milestones
2021,2021-12-01,League of Legends,LOL,Global,11800000,#C89B3C,PC MOBA,estimated midpoint peak concurrent players,estimated_mid_peak_ccu,medium,user_provided_research,User midpoint estimate from 10.5-13.0M range; 2021 Riot Runeterra 180M MAU was ecosystem-wide so adjusted downward
2022,2022-12-01,League of Legends,LOL,Global,13500000,#C89B3C,PC MOBA,estimated midpoint peak concurrent players,estimated_mid_peak_ccu,low_medium,user_provided_research,User midpoint estimate from 12.0-14.0M range; unofficial 2022 MAU near 152M and repeated 14M single-day peak claims
2023,2023-12-01,League of Legends,LOL,Global,12500000,#C89B3C,PC MOBA,estimated midpoint peak concurrent players,estimated_mid_peak_ccu,low_medium,user_provided_research,User midpoint estimate from 11.5-13.5M range; unofficial MAU near 151M to 152M with no Riot PCU disclosure
2024,2024-12-01,League of Legends,LOL,Global,10500000,#C89B3C,PC MOBA,estimated midpoint peak concurrent players,estimated_mid_peak_ccu,low,user_provided_research,User midpoint estimate from 9.5-12.0M range; unofficial MAU near 132M and daily traffic claims are not PCU
2025,2025-12-01,League of Legends,LOL,Global,10000000,#C89B3C,PC MOBA,estimated midpoint peak concurrent players,estimated_mid_peak_ccu,low,user_provided_research,User midpoint estimate from 8.5-11.5M range; unofficial MAU range near 117M to 135M with no Riot PCU disclosure
2026,2026-06-21,League of Legends,LOL,Global,9800000,#C89B3C,PC MOBA,estimated year-to-date midpoint peak concurrent players,estimated_mid_peak_ccu,low,user_provided_research,User 2026 YTD midpoint estimate from 8.5-11.5M range as of 2026-06-21; unofficial MAU near 120M to 135M
2025,2025-10-01,Battlefield 6,BATTLEFIELD6,Steam,747000,#6B7280,Steam FPS,launch peak concurrent players,steam_press_report,medium_high,https://www.tomshardware.com/video-games/pc-gaming/battlefield-6-peaks-at-747-000-concurrent-players-newly-launched-game-ranks-among-the-top-three-most-played-on-steam-today,Battlefield 6 launch peak on Steam
2025,2025-11-10,ARC Raiders,ARC_RAIDERS,Global,700000,#F97316,Cross-platform extraction shooter,reported cross-platform concurrent players,company_report,medium,https://en.wikipedia.org/wiki/ARC_Raiders,Developer reported over 700k concurrent players across all platforms by Nov 10 2025
2025,2025-11-29,Fortnite,FORTNITE,Global,10500000,#8B5CF6,Epic Games ecosystem,event concurrent players,press_report,medium,https://www.pcgamer.com/games/third-person-shooter/fortnites-latest-live-event-drew-in-10-5-million-players-to-see-godzilla-hatsune-miku-homer-simpson-and-countless-other-characters-fight-a-giant-squid-man/,Zero Hour live event drew 10.5M in-game players
2026,2026-05-15,Subnautica 2,SUBNAUTICA2,Global,651000,#06B6D4,Cross-platform co-op survival,reported cross-platform concurrent players,press_report,medium_high,https://www.theverge.com/games/930562/subnautica-2-early-access-launch-steam-pc-epic-games-store-xbox,Subnautica 2 peaked at 651k concurrent players across Steam Xbox and Epic at launch
2026,2026-05-24,Forza Horizon 6,FORZAHORIZON6,Steam,300000,#EC4899,Steam racing,reported Steam concurrent players,press_report,medium,https://www.pcgamer.com/games/racing/forza-horizon-6-speeds-into-steams-top-5-most-played-games-with-over-300k-concurrent-players/,PC Gamer reported over 300k concurrent players on Steam
