player_id,name,country,position,club,competition_id,start_month,end_month,months,top10_months,best_global_rank,first_value_million_eur,last_value_million_eur,peak_value_million_eur,valuation_sources
405973,Fadel Gobitaka,Togo,Attack,Unknown,BE1,2000-01,2001-06,18,18,1,0.15,0.15,0.15,player_valuations
405973,Fadel Gobitaka,Togo,Attack,Unknown,BE1,2016-02,2018-06,29,0,9204,0.25,0.15,0.25,player_valuations
405973,Fadel Gobitaka,Togo,Attack,AS Verbroedering Geel,BE1,2018-09,2019-07,11,0,12621,0.075,0.075,0.075,player_valuations
405973,Fadel Gobitaka,Togo,Attack,Roda JC Kerkrade U21,BE1,2019-08,2019-11,4,0,14013,0.05,0.05,0.05,player_valuations
342216,Julien Serrano,France,Defender,Unknown,SC1,2001-07,2002-12,18,18,1,0.1,0.1,0.1,player_valuations
342216,Julien Serrano,France,Defender,AS Monaco,SC1,2017-07,2019-11,29,0,2662,0.1,1.5,2,player_valuations
342216,Julien Serrano,France,Defender,Cercle Brugge ,SC1,2019-12,2020-03,4,0,4670,1,1,1,player_valuations
342216,Julien Serrano,France,Defender,AS Béziers,SC1,2020-04,2020-12,9,0,4519,0.9,0.9,0.9,player_valuations
342216,Julien Serrano,France,Defender,Livingston FC,SC1,2021-01,2021-05,5,0,4966,0.9,0.9,0.9,player_valuations
342216,Julien Serrano,France,Defender,AS Monaco,SC1,2021-06,2021-09,4,0,5801,0.75,0.75,0.75,player_valuations
342216,Julien Serrano,France,Defender,Without Club,SC1,2021-10,2021-11,2,0,6675,0.6,0.6,0.6,player_valuations
342216,Julien Serrano,France,Defender,US Créteil-Lusitanos,SC1,2021-12,2022-11,12,0,8193,0.4,0.25,0.4,player_valuations
6893,Gabriel Tamas,Romania,Defender,Galatasaray,GB1,2003-12,2004-09,10,10,1,0.9,0.9,0.9,player_valuations
6893,Gabriel Tamas,Romania,Defender,Spartak Moscow,GB1,2004-10,2006-03,18,0,475,1.75,1.75,1.75,player_valuations
6893,Gabriel Tamas,Romania,Defender,AJ Auxerre,GB1,2007-08,2009-01,18,0,708,3,3,3,player_valuations
6893,Gabriel Tamas,Romania,Defender,FC Dinamo Bucharest,GB1,2009-02,2010-06,17,0,988,3.2,3.4,3.4,player_valuations
6893,Gabriel Tamas,Romania,Defender,AJ Auxerre,GB1,2010-07,2011-01,7,0,1083,3.5,3.5,3.5,player_valuations
6893,Gabriel Tamas,Romania,Defender,West Bromwich Albion,GB1,2011-02,2013-12,35,0,994,4,1.5,4,player_valuations
6893,Gabriel Tamas,Romania,Defender,Without Club,GB1,2014-01,2014-08,8,0,4202,0.9,0.9,0.9,player_valuations
6893,Gabriel Tamas,Romania,Defender,Watford FC,GB1,2014-09,2014-11,3,0,4363,0.9,0.9,0.9,player_valuations
3132,Florin Cernat,Romania,Midfield,Dynamo Kyiv,TR1,2003-12,2006-03,28,10,2,0.4,2,2,player_valuations
3132,Florin Cernat,Romania,Midfield,HNK Hajduk Split,TR1,2007-10,2008-09,12,0,974,2.2,2.8,2.8,player_valuations
3132,Florin Cernat,Romania,Midfield,Dynamo Kyiv,TR1,2008-10,2009-09,12,0,1730,1.5,1.5,1.5,player_valuations
3132,Florin Cernat,Romania,Midfield,HNK Hajduk Split,TR1,2009-10,2010-12,15,0,2303,1.3,1,1.3,player_valuations
3132,Florin Cernat,Romania,Midfield,Kardemir DC Karabükspor,TR1,2011-01,2012-12,24,0,1931,1.7,1.8,2,player_valuations
3132,Florin Cernat,Romania,Midfield,Caykur Rizespor,TR1,2013-01,2014-11,23,0,3583,1,0.4,1,player_valuations
3132,Florin Cernat,Romania,Midfield,Otelul Galati,TR1,2014-12,2015-11,12,0,6400,0.4,0.5,0.5,player_valuations
3139,David Beckham,England,Midfield,Real Madrid,FR1,2004-10,2007-09,36,12,1,40,19.8,40,player_valuations
3139,David Beckham,England,Midfield,Los Angeles Galaxy,FR1,2007-10,2009-08,23,0,69,15,9,15,player_valuations
3139,David Beckham,England,Midfield,Los Angeles Galaxy,FR1,2010-07,2012-07,25,0,725,5,3.5,5,player_valuations
3139,David Beckham,England,Midfield,Los Angeles Galaxy,FR1,2013-01,2013-04,4,0,3505,1,1,1,player_valuations
3139,David Beckham,England,Midfield,Paris Saint-Germain,FR1,2013-05,2014-10,18,0,3565,1,1,1,player_valuations
5958,Francesco Totti,Italy,Attack,AS Roma,IT1,2004-10,2018-11,170,40,1,35,1,40,player_valuations
3366,Kaká,Brazil,Midfield,AC Milan,IT1,2004-10,2009-06,57,57,1,26,55,70,player_valuations
3366,Kaká,Brazil,Midfield,Real Madrid,IT1,2009-07,2013-08,50,20,3,60,10,60,player_valuations
3366,Kaká,Brazil,Midfield,AC Milan,IT1,2013-09,2014-06,10,0,497,8,8,8,player_valuations
3366,Kaká,Brazil,Midfield,Orlando City SC,IT1,2014-07,2015-11,17,0,738,6,5,6,player_valuations
3332,Wayne Rooney,England,Attack,Manchester United,GB1,2004-10,2017-12,159,102,1,37,15,65,player_valuations
3332,Wayne Rooney,England,Attack,Everton FC,GB1,2018-01,2018-11,11,0,436,15,10,15,player_valuations
3332,Wayne Rooney,England,Attack,D.C. United,GB1,2018-12,2019-11,12,0,1067,8,4.5,8,player_valuations
3924,Didier Drogba,Cote d'Ivoire,Attack,Chelsea FC,GB1,2004-10,2012-06,93,34,3,30,5.5,40,player_valuations
3924,Didier Drogba,Cote d'Ivoire,Attack,Shanghai Shenhua Liansheng,GB1,2012-07,2013-05,11,0,1231,3.5,3,3.5,player_valuations
3924,Didier Drogba,Cote d'Ivoire,Attack,Galatasaray,GB1,2013-06,2015-01,20,0,1429,3,2.25,3,player_valuations
3924,Didier Drogba,Cote d'Ivoire,Attack,Chelsea FC,GB1,2015-02,2016-02,13,0,3752,1,1,1,player_valuations
3924,Didier Drogba,Cote d'Ivoire,Attack,Montreal Impact,GB1,2016-03,2016-11,9,0,3820,1,1,1,player_valuations
7717,José Antonio Reyes,Spain,Attack,Arsenal FC,ES1,2004-10,2007-05,32,3,3,35,17,35,player_valuations
7717,José Antonio Reyes,Spain,Attack,Real Madrid,ES1,2007-06,2007-07,2,0,51,16.7,16.7,16.7,player_valuations
7717,José Antonio Reyes,Spain,Attack,Atlético de Madrid,ES1,2007-08,2008-08,13,0,104,12.5,4,12.5,player_valuations
7717,José Antonio Reyes,Spain,Attack,SL Benfica,ES1,2008-09,2009-06,10,0,619,4.5,5,5,player_valuations
7717,José Antonio Reyes,Spain,Attack,Atlético de Madrid,ES1,2009-07,2012-01,31,0,159,7,15,15,player_valuations
7717,José Antonio Reyes,Spain,Attack,Sevilla FC,ES1,2012-02,2016-06,53,0,357,9,2,9,player_valuations
7717,José Antonio Reyes,Spain,Attack,RCD Espanyol Barcelona,ES1,2016-07,2018-02,20,0,2422,2,0.8,2,player_valuations
7717,José Antonio Reyes,Spain,Attack,Córdoba CF,ES1,2018-03,2018-11,9,0,8779,0.3,0.3,0.3,player_valuations
9828,Ricardo Carvalho,Portugal,Defender,Chelsea FC,FR1,2004-10,2007-11,38,4,4,30,17.5,30,player_valuations
9828,Ricardo Carvalho,Portugal,Defender,Chelsea FC,FR1,2008-02,2010-07,30,0,47,20,17.5,22,player_valuations
9828,Ricardo Carvalho,Portugal,Defender,Real Madrid,FR1,2010-08,2013-12,41,0,314,10,1,10,player_valuations
9828,Ricardo Carvalho,Portugal,Defender,AS Monaco,FR1,2014-01,2017-02,38,0,4013,1,0.5,1,player_valuations
9828,Ricardo Carvalho,Portugal,Defender,Shanghai SIPG,FR1,2017-03,2017-11,9,0,7688,0.4,0.2,0.4,player_valuations
1397,Michael Owen,England,Attack,Real Madrid,GB1,2004-10,2006-05,20,2,6,30,22,30,player_valuations
1397,Michael Owen,England,Attack,Newcastle United,GB1,2006-06,2009-12,43,0,30,20,12.2,20,player_valuations
1397,Michael Owen,England,Attack,Manchester United,GB1,2010-01,2012-12,36,0,238,11,1.5,11,player_valuations
1397,Michael Owen,England,Attack,Stoke City,GB1,2013-01,2014-06,18,0,3807,1,1,1,player_valuations
5962,Antonio Cassano,Italy,Attack,AS Roma,IT1,2004-10,2005-12,15,3,9,25,24,25,player_valuations
5962,Antonio Cassano,Italy,Attack,Real Madrid,IT1,2006-01,2008-01,25,0,27,20.5,8.5,20.5,player_valuations
5962,Antonio Cassano,Italy,Attack,UC Sampdoria,IT1,2008-02,2008-05,4,0,193,9,9,9,player_valuations
5962,Antonio Cassano,Italy,Attack,Real Madrid,IT1,2008-06,2009-01,8,0,123,12.5,12.5,12.5,player_valuations
5962,Antonio Cassano,Italy,Attack,UC Sampdoria,IT1,2009-02,2010-12,23,0,89,13.5,18.5,18.5,player_valuations
5962,Antonio Cassano,Italy,Attack,AC Milan,IT1,2011-01,2012-12,24,0,149,15,10,15,player_valuations
5962,Antonio Cassano,Italy,Attack,FC Internazionale,IT1,2013-01,2013-12,12,0,316,10,6,10,player_valuations
5962,Antonio Cassano,Italy,Attack,Parma FC,IT1,2014-01,2015-06,18,0,753,5.5,3.5,5.5,player_valuations
5962,Antonio Cassano,Italy,Attack,Without Club,IT1,2015-07,2015-12,6,0,3707,1,1,1,player_valuations
5962,Antonio Cassano,Italy,Attack,UC Sampdoria,IT1,2016-01,2018-06,30,0,4482,0.8,0.3,0.8,player_valuations
3411,Pablo Aimar,Argentina,Midfield,Valencia CF,PO1,2004-10,2007-05,32,2,10,25,18,25,player_valuations
3411,Pablo Aimar,Argentina,Midfield,Real Zaragoza,PO1,2007-06,2009-01,20,0,53,16.5,8,16.5,player_valuations
3411,Pablo Aimar,Argentina,Midfield,SL Benfica,PO1,2009-02,2013-07,54,0,370,7.5,1.5,7.5,player_valuations
3411,Pablo Aimar,Argentina,Midfield,Johor Darul Ta'zim,PO1,2013-08,2014-11,16,0,6355,0.5,0.5,0.5,player_valuations
7767,Fernando Torres,Spain,Attack,Atlético de Madrid,ES1,2004-10,2006-05,20,7,8,16.5,25,25,player_valuations
7767,Fernando Torres,Spain,Attack,Atlético de Madrid,ES1,2007-06,2007-07,2,0,16,30,30,30,player_valuations
7767,Fernando Torres,Spain,Attack,Liverpool FC,ES1,2007-08,2011-01,42,37,5,35,50,50,player_valuations
7767,Fernando Torres,Spain,Attack,Chelsea FC,ES1,2011-02,2014-10,45,12,6,46,12,46,player_valuations
7767,Fernando Torres,Spain,Attack,AC Milan,ES1,2014-11,2014-12,2,0,620,7,7,7,player_valuations
7767,Fernando Torres,Spain,Attack,Atlético de Madrid,ES1,2015-01,2018-12,48,0,453,7,4,10,player_valuations
7767,Fernando Torres,Spain,Attack,Sagan Tosu,ES1,2019-01,2019-11,11,0,1948,3.5,2.5,3.5,player_valuations
4257,Samuel Eto'o,Cameroon,Attack,FC Barcelona,TR1,2004-10,2009-08,59,54,2,24,35,42,player_valuations
4257,Samuel Eto'o,Cameroon,Attack,FC Internazionale,TR1,2009-09,2011-09,25,4,9,40,42,42,player_valuations
4257,Samuel Eto'o,Cameroon,Attack,Anzhi Makhachkala ( -2022),TR1,2011-10,2013-08,23,0,20,35,22,35,player_valuations
4257,Samuel Eto'o,Cameroon,Attack,Chelsea FC,TR1,2013-09,2014-09,13,0,304,12,9,12,player_valuations
4257,Samuel Eto'o,Cameroon,Attack,Everton FC,TR1,2014-10,2015-01,4,0,653,7,7,7,player_valuations
4257,Samuel Eto'o,Cameroon,Attack,UC Sampdoria,TR1,2015-02,2015-12,11,0,1088,4.5,2,4.5,player_valuations
4257,Samuel Eto'o,Cameroon,Attack,Antalyaspor,TR1,2016-01,2018-01,25,0,2540,2,1.5,2,player_valuations
4257,Samuel Eto'o,Cameroon,Attack,Konyaspor,TR1,2018-02,2019-04,15,0,3396,1.5,1,1.5,player_valuations
4257,Samuel Eto'o,Cameroon,Attack,Qatar SC,TR1,2019-05,2019-11,7,0,4667,1,1,1,player_valuations
3979,Iker Casillas,Spain,Goalkeeper,Real Madrid B,PO1,2004-10,2006-05,20,1,9,16,25,25,player_valuations
3979,Iker Casillas,Spain,Goalkeeper,Real Madrid Castilla,PO1,2007-08,2015-09,98,0,18,26,6,35,player_valuations
3979,Iker Casillas,Spain,Goalkeeper,FC Porto,PO1,2015-10,2020-11,62,0,966,5,1,5,player_valuations
3163,Frank Lampard,England,Midfield,Chelsea FC,GB1,2004-10,2014-07,118,48,1,19.5,2,45,player_valuations
3163,Frank Lampard,England,Midfield,Manchester City,GB1,2014-08,2015-06,11,0,2873,1.5,1,1.5,player_valuations
3163,Frank Lampard,England,Midfield,New York City FC,GB1,2015-07,2016-11,17,0,3819,1,1,1,player_valuations
3109,Steven Gerrard,England,Midfield,Liverpool FC,GB1,2004-10,2015-06,129,63,4,17,4,50,player_valuations
3109,Steven Gerrard,England,Midfield,Los Angeles Galaxy,GB1,2015-07,2016-11,17,0,2549,2,1.75,2,player_valuations
3235,Rio Ferdinand,England,Defender,Manchester United,GB1,2004-10,2014-07,118,6,5,25,1.5,35,player_valuations
3235,Rio Ferdinand,England,Defender,Queens Park Rangers,GB1,2014-08,2016-07,24,0,4096,1,1,1,player_valuations
5023,Gianluigi Buffon,Italy,Goalkeeper,Juventus FC,IT1,2005-05,2018-08,160,24,2,20,2,35,player_valuations
5023,Gianluigi Buffon,Italy,Goalkeeper,Paris Saint-Germain,IT1,2018-09,2019-11,15,0,4211,1,1,1,player_valuations
5023,Gianluigi Buffon,Italy,Goalkeeper,Juventus FC,IT1,2019-12,2021-11,24,0,4216,1,1,1,player_valuations
5023,Gianluigi Buffon,Italy,Goalkeeper,Parma Calcio 1913,IT1,2021-12,2022-11,12,0,4711,1,1,1,player_valuations
5878,Alberto Gilardino,Italy,Attack,Parma FC,IT1,2004-10,2005-06,9,0,18,20,20,20,player_valuations
5878,Alberto Gilardino,Italy,Attack,AC Milan,IT1,2005-07,2008-06,36,9,7,30,17,30,player_valuations
5878,Alberto Gilardino,Italy,Attack,ACF Fiorentina,IT1,2008-07,2011-12,42,0,70,13,16,20,player_valuations
5878,Alberto Gilardino,Italy,Attack,Genoa CFC,IT1,2012-01,2012-12,12,0,337,9,7,9,player_valuations
5878,Alberto Gilardino,Italy,Attack,Bologna FC 1909,IT1,2013-01,2013-12,12,0,537,7,7,7,player_valuations
5878,Alberto Gilardino,Italy,Attack,Genoa CFC,IT1,2014-01,2014-10,10,0,660,6,5,6,player_valuations
5878,Alberto Gilardino,Italy,Attack,Guangzhou Evergrande Taobao,IT1,2014-11,2015-01,3,0,1084,4.2,4.2,4.2,player_valuations
5878,Alberto Gilardino,Italy,Attack,ACF Fiorentina,IT1,2015-02,2015-05,4,0,1779,2.5,2.5,2.5,player_valuations
5878,Alberto Gilardino,Italy,Attack,Guangzhou Evergrande Taobao,IT1,2015-06,2015-12,7,0,2758,1.5,1.5,1.5,player_valuations
5878,Alberto Gilardino,Italy,Attack,US Palermo,IT1,2016-01,2016-06,6,0,3604,1,1,1,player_valuations
5878,Alberto Gilardino,Italy,Attack,FC Empoli,IT1,2016-07,2017-05,11,0,3636,1,0.5,1,player_valuations
5878,Alberto Gilardino,Italy,Attack,Delfino Pescara 1936,IT1,2017-06,2017-11,6,0,8351,0.3,0.3,0.3,player_valuations
5878,Alberto Gilardino,Italy,Attack,Spezia Calcio,IT1,2017-12,2018-11,12,0,9804,0.2,0.2,0.2,player_valuations
5588,Michael Essien,Ghana,Midfield,Olympique Lyon,GR1,2004-10,2005-07,10,0,19,12,23,23,player_valuations
5588,Michael Essien,Ghana,Midfield,Chelsea FC,GR1,2005-08,2012-08,85,20,1,38,24,38,player_valuations
5588,Michael Essien,Ghana,Midfield,Real Madrid,GR1,2012-09,2013-12,16,0,80,24,10,24,player_valuations
5588,Michael Essien,Ghana,Midfield,Chelsea FC,GR1,2014-01,2014-02,2,0,548,7.5,7.5,7.5,player_valuations
5588,Michael Essien,Ghana,Midfield,AC Milan,GR1,2014-03,2015-06,16,0,911,5,1,5,player_valuations
5588,Michael Essien,Ghana,Midfield,Panathinaikos Athens,GR1,2015-07,2017-04,22,0,4040,0.6,0.8,1,player_valuations
5588,Michael Essien,Ghana,Midfield,PERSIB Bandung,GR1,2017-05,2017-11,7,0,6593,0.5,0.5,0.5,player_valuations
3467,Shaun Wright-Phillips,England,Attack,Manchester City,GB1,2004-10,2005-06,9,0,91,2.25,9.5,9.5,player_valuations
3467,Shaun Wright-Phillips,England,Attack,Chelsea FC,GB1,2005-07,2009-01,43,1,6,29,13,31.5,player_valuations
3467,Shaun Wright-Phillips,England,Attack,Manchester City,GB1,2009-02,2011-07,30,0,149,12,8,15,player_valuations
3467,Shaun Wright-Phillips,England,Attack,Queens Park Rangers,GB1,2011-08,2016-02,55,0,740,5.5,0.5,5.5,player_valuations
3467,Shaun Wright-Phillips,England,Attack,New York Red Bulls,GB1,2016-03,2016-11,9,0,7905,0.375,0.3,0.375,player_valuations
3160,John Terry,England,Defender,Chelsea FC,GB1,2004-10,2008-09,48,16,8,10,33,33,player_valuations
3160,John Terry,England,Defender,Chelsea FC,GB1,2009-02,2018-01,108,0,17,34,1,35,player_valuations
3160,John Terry,England,Defender,Aston Villa,GB1,2018-02,2018-11,10,0,4124,1,1,1,player_valuations
7607,Xavi,Spain,Midfield,FC Barcelona,ES1,2004-10,2015-06,129,40,3,8.5,5,65,player_valuations
7607,Xavi,Spain,Midfield,Al-Sadd SC,ES1,2015-07,2016-11,17,0,1038,5,4,5,player_valuations
10,Miroslav Klose,Germany,Attack,SV Werder Bremen,IT1,2004-10,2008-05,44,9,9,7,23,30,player_valuations
10,Miroslav Klose,Germany,Attack,Bayern Munich,IT1,2008-06,2011-12,43,0,50,20,5,20,player_valuations
10,Miroslav Klose,Germany,Attack,SS Lazio,IT1,2012-01,2017-06,66,0,673,6,1,6,player_valuations
8198,Cristiano Ronaldo,Portugal,Attack,Manchester United,SA1,2004-10,2009-06,57,21,1,18,60,60,player_valuations
8198,Cristiano Ronaldo,Portugal,Attack,Real Madrid,SA1,2009-07,2018-11,113,108,1,70,100,120,player_valuations
8198,Cristiano Ronaldo,Portugal,Attack,Juventus FC,SA1,2018-12,2021-11,36,0,11,100,45,100,player_valuations
8198,Cristiano Ronaldo,Portugal,Attack,Manchester United,SA1,2021-12,2023-05,18,0,160,35,20,35,player_valuations
8198,Cristiano Ronaldo,Portugal,Attack,Al-Nassr FC,SA1,2023-06,2024-11,18,0,636,15,15,15,player_valuations
8198,Cristiano Ronaldo,Portugal,Attack,Al-Nassr Football Club,SA1,2026-06,2026-06,1,0,727,15,15,15,players.current_market_value
3455,Zlatan Ibrahimović,Sweden,Attack,Juventus FC,IT1,2004-10,2007-04,31,0,12,22,25,28,player_valuations
3455,Zlatan Ibrahimović,Sweden,Attack,FC Internazionale,IT1,2007-05,2009-07,27,22,5,35,45,45,player_valuations
3455,Zlatan Ibrahimović,Sweden,Attack,FC Barcelona,IT1,2009-08,2010-08,13,6,7,45,46,46,player_valuations
3455,Zlatan Ibrahimović,Sweden,Attack,AC Milan,IT1,2010-09,2012-06,22,0,14,30,37,37,player_valuations
3455,Zlatan Ibrahimović,Sweden,Attack,Paris Saint-Germain,IT1,2012-07,2016-07,49,0,33,35,15,35,player_valuations
3455,Zlatan Ibrahimović,Sweden,Attack,Manchester United,IT1,2016-08,2018-02,19,0,409,12,7,12,player_valuations
3455,Zlatan Ibrahimović,Sweden,Attack,Los Angeles Galaxy,IT1,2018-03,2020-03,25,0,1345,5,3.5,5,player_valuations
3455,Zlatan Ibrahimović,Sweden,Attack,AC Milan,IT1,2020-04,2024-11,56,0,1690,2.8,2,5,player_valuations
7980,David Villa,Spain,Attack,Real Zaragoza,ES1,2004-10,2006-01,16,0,61,2.5,12,12,player_valuations
7980,David Villa,Spain,Attack,Valencia CF,ES1,2006-02,2010-07,54,17,7,18.5,45,45,player_valuations
7980,David Villa,Spain,Attack,FC Barcelona,ES1,2010-08,2013-12,41,18,6,50,12,50,player_valuations
7980,David Villa,Spain,Attack,Atlético de Madrid,ES1,2014-01,2014-09,9,0,357,10,10,10,player_valuations
7980,David Villa,Spain,Attack,Melbourne City FC,ES1,2014-10,2015-02,5,0,563,7.5,7.5,7.5,player_valuations
7980,David Villa,Spain,Attack,New York City FC,ES1,2015-03,2015-11,9,0,629,7,7,7,player_valuations
28003,Lionel Messi,Argentina,Attack,FC Barcelona B,MLS1,2004-12,2005-11,12,0,344,3,3,3,player_valuations
28003,Lionel Messi,Argentina,Attack,FC Barcelona,MLS1,2005-12,2021-11,192,160,1,5,80,180,player_valuations
28003,Lionel Messi,Argentina,Attack,Paris Saint-Germain,MLS1,2021-12,2023-07,20,0,61,60,35,60,player_valuations
28003,Lionel Messi,Argentina,Attack,Inter Miami CF,MLS1,2023-08,2025-01,18,0,192,35,35,35,player_valuations
28003,Lionel Messi,Argentina,Attack,Club Internacional de Fútbol Miami,MLS1,2026-06,2026-06,1,0,229,35,35,35,players.current_market_value
5817,Andrea Pirlo,Italy,Midfield,AC Milan,IT1,2004-10,2006-12,27,0,14,20,25,25,player_valuations
5817,Andrea Pirlo,Italy,Midfield,AC Milan,IT1,2007-05,2011-12,56,5,10,30,10,36,player_valuations
5817,Andrea Pirlo,Italy,Midfield,Juventus FC,IT1,2012-01,2016-02,50,0,243,10,1,12.5,player_valuations
5817,Andrea Pirlo,Italy,Midfield,New York City FC,IT1,2016-03,2016-11,9,0,3703,1,1,1,player_valuations
8806,Cesc Fàbregas,Spain,Midfield,Arsenal FC,FR1,2004-10,2012-01,88,33,4,2.5,54,55,player_valuations
8806,Cesc Fàbregas,Spain,Midfield,FC Barcelona,FR1,2012-02,2014-07,30,29,5,55,50,55,player_valuations
8806,Cesc Fàbregas,Spain,Midfield,Chelsea FC,FR1,2014-08,2019-02,55,0,11,40,25,50,player_valuations
8806,Cesc Fàbregas,Spain,Midfield,AS Monaco,FR1,2019-03,2022-11,45,0,372,20,2.5,20,player_valuations
8806,Cesc Fàbregas,Spain,Midfield,Como 1907,FR1,2022-12,2023-11,12,0,3850,1.5,1,1.5,player_valuations
7600,Andrés Iniesta,Spain,Midfield,FC Barcelona,ES1,2004-10,2006-05,20,0,58,6,12,12,player_valuations
7600,Andrés Iniesta,Spain,Midfield,FC Barcelona,ES1,2007-06,2018-06,133,63,3,22,10,70,player_valuations
7600,Andrés Iniesta,Spain,Midfield,Vissel Kobe,ES1,2018-07,2019-11,17,0,830,8,5.5,8,player_valuations
22068,Franck Ribéry,France,Attack,FC Metz,IT1,2004-10,2005-10,13,0,199,3,5.25,5.25,player_valuations
22068,Franck Ribéry,France,Attack,Olympique Marseille,IT1,2005-11,2007-07,21,0,46,8.5,18,18,player_valuations
22068,Franck Ribéry,France,Attack,Bayern Munich,IT1,2007-08,2019-11,148,25,8,25,4,50,player_valuations
22068,Franck Ribéry,France,Attack,ACF Fiorentina,IT1,2019-12,2021-09,22,0,1958,4,3,4,player_valuations
22068,Franck Ribéry,France,Attack,US Salernitana 1919,IT1,2021-10,2023-11,26,0,3861,1.5,1,1.5,player_valuations
4673,Wesley Sneijder,Netherlands,Midfield,Ajax Amsterdam,FR1,2004-10,2006-03,18,0,72,10,10,10,player_valuations
4673,Wesley Sneijder,Netherlands,Midfield,Ajax Amsterdam,FR1,2007-02,2007-07,6,0,60,14.5,14.5,14.5,player_valuations
4673,Wesley Sneijder,Netherlands,Midfield,Real Madrid,FR1,2007-08,2009-12,29,0,23,27,25,32,player_valuations
4673,Wesley Sneijder,Netherlands,Midfield,FC Internazionale,FR1,2010-01,2013-05,41,2,10,29,19,45,player_valuations
4673,Wesley Sneijder,Netherlands,Midfield,Galatasaray,FR1,2013-06,2017-09,52,0,164,17,6.5,18,player_valuations
4673,Wesley Sneijder,Netherlands,Midfield,OGC Nice,FR1,2017-10,2018-04,7,0,1252,5,5,5,player_valuations
4673,Wesley Sneijder,Netherlands,Midfield,Al-Gharafa SC,FR1,2018-05,2019-11,19,0,1633,4,3,4,player_valuations
4360,Arjen Robben,Netherlands,Attack,Chelsea FC,NL1,2004-10,2007-07,34,0,11,18,22.8,27.5,player_valuations
4360,Arjen Robben,Netherlands,Attack,Real Madrid,NL1,2007-08,2009-12,29,0,18,30,30,30,player_valuations
4360,Arjen Robben,Netherlands,Attack,Bayern Munich,NL1,2010-01,2020-06,126,4,10,28,4,40,player_valuations
4360,Arjen Robben,Netherlands,Attack,FC Groningen,NL1,2020-07,2022-10,28,0,2845,2,0.2,2,player_valuations
26399,Sergio Agüero,Argentina,Attack,CA Independiente,ES1,2005-12,2006-07,8,0,277,1.25,5,5,player_valuations
26399,Sergio Agüero,Argentina,Attack,Atlético de Madrid,ES1,2006-08,2011-06,59,0,14,23,36,36,player_valuations
26399,Sergio Agüero,Argentina,Attack,Manchester City,ES1,2011-07,2021-09,123,18,6,40,18,80,player_valuations
26399,Sergio Agüero,Argentina,Attack,FC Barcelona,ES1,2021-10,2023-03,18,0,643,15,15,15,player_valuations
4276,Carlos Tevez,Argentina,Attack,CA Boca Juniors,IT1,2004-10,2006-03,18,0,35,15,15,15,player_valuations
4276,Carlos Tevez,Argentina,Attack,West Ham United,IT1,2007-04,2007-07,4,0,80,12,12,12,player_valuations
4276,Carlos Tevez,Argentina,Attack,Manchester United,IT1,2007-08,2009-12,29,0,27,15,25,28,player_valuations
4276,Carlos Tevez,Argentina,Attack,Manchester City,IT1,2010-01,2013-06,42,3,9,30,27,40,player_valuations
4276,Carlos Tevez,Argentina,Attack,Juventus FC,IT1,2013-07,2015-06,24,0,94,20,23,23,player_valuations
4276,Carlos Tevez,Argentina,Attack,CA Boca Juniors,IT1,2015-07,2016-11,17,0,131,20,8.5,20,player_valuations
6288,Mario Gómez,Germany,Attack,VfB Stuttgart II,L1,2004-10,2005-08,11,0,1107,0.25,0.25,0.25,player_valuations
6288,Mario Gómez,Germany,Attack,VfB Stuttgart,L1,2005-09,2010-04,56,0,27,0.6,30,30,player_valuations
6288,Mario Gómez,Germany,Attack,Bayern Munich,L1,2010-05,2013-06,38,7,10,27.5,28,42,player_valuations
6288,Mario Gómez,Germany,Attack,ACF Fiorentina,L1,2013-07,2015-09,27,0,80,24,10,24,player_valuations
6288,Mario Gómez,Germany,Attack,Besiktas JK,L1,2015-10,2016-09,12,0,335,11.5,12,12,player_valuations
6288,Mario Gómez,Germany,Attack,VfL Wolfsburg,L1,2016-10,2018-05,20,0,501,10,6,10,player_valuations
6288,Mario Gómez,Germany,Attack,VfB Stuttgart,L1,2018-06,2020-11,30,0,1153,6,0.8,6,player_valuations
35518,David Silva,Spain,Midfield,Celta de Vigo,ES1,2006-02,2007-01,12,0,1037,0.8,0.8,0.8,player_valuations
35518,David Silva,Spain,Midfield,Valencia CF,ES1,2007-02,2010-07,42,0,22,3,32,32,player_valuations
35518,David Silva,Spain,Midfield,Manchester City,ES1,2010-08,2020-09,122,11,7,32,12,50,player_valuations
35518,David Silva,Spain,Midfield,Real Sociedad,ES1,2020-10,2024-11,50,0,1565,5,4,5,player_valuations
4380,Robin van Persie,Netherlands,Attack,Arsenal FC,NL1,2004-10,2012-12,99,11,8,5,47.5,47.5,player_valuations
4380,Robin van Persie,Netherlands,Attack,Manchester United,NL1,2013-01,2015-09,33,5,9,45,15,45,player_valuations
4380,Robin van Persie,Netherlands,Attack,Fenerbahce,NL1,2015-10,2018-01,28,0,299,13,4,13,player_valuations
4380,Robin van Persie,Netherlands,Attack,Feyenoord Rotterdam,NL1,2018-02,2020-11,34,0,2690,2,1.5,2,player_valuations
39152,Radamel Falcao,Colombia,Attack,CA River Plate,COL1,2007-09,2010-01,29,0,405,2.25,6.5,6.5,player_valuations
39152,Radamel Falcao,Colombia,Attack,FC Porto,COL1,2010-02,2011-08,19,0,61,8,25,25,player_valuations
39152,Radamel Falcao,Colombia,Attack,Atlético de Madrid,COL1,2011-09,2013-12,28,17,5,30,60,60,player_valuations
39152,Radamel Falcao,Colombia,Attack,AS Monaco,COL1,2014-01,2015-01,13,13,6,60,55,60,player_valuations
39152,Radamel Falcao,Colombia,Attack,Manchester United,COL1,2015-02,2015-06,5,0,24,45,45,45,player_valuations
39152,Radamel Falcao,Colombia,Attack,AS Monaco,COL1,2015-07,2016-01,7,0,48,35,35,35,player_valuations
39152,Radamel Falcao,Colombia,Attack,Chelsea FC,COL1,2016-02,2016-06,5,0,119,23,23,23,player_valuations
39152,Radamel Falcao,Colombia,Attack,AS Monaco,COL1,2016-07,2019-09,39,0,285,15,10,15,player_valuations
39152,Radamel Falcao,Colombia,Attack,Galatasaray,COL1,2019-10,2021-11,26,0,1197,8,2.2,8,player_valuations
39152,Radamel Falcao,Colombia,Attack,Rayo Vallecano,COL1,2021-12,2025-11,48,0,3336,2,0.8,2,player_valuations
39152,Radamel Falcao,Colombia,Attack,Millonarios FC,COL1,2026-06,2026-06,1,0,5245,0.8,0.8,0.8,players.current_market_value
80562,Hulk,Brazil,Attack,FC Porto,BRA1,2008-07,2012-08,50,0,18,5,37,37,player_valuations
80562,Hulk,Brazil,Attack,Zenit St. Petersburg,BRA1,2012-09,2016-10,50,12,8,45,32,48,player_valuations
80562,Hulk,Brazil,Attack,Shanghai SIPG,BRA1,2016-11,2020-07,45,0,147,22,6.8,22,player_valuations
80562,Hulk,Brazil,Attack,Shanghai Port,BRA1,2020-08,2021-04,9,0,1562,5,2.5,5,player_valuations
80562,Hulk,Brazil,Attack,Clube Atlético Mineiro,BRA1,2021-05,2024-12,44,0,2743,2.5,2,2.5,player_valuations
80562,Hulk,Brazil,Attack,Clube Atlético Mineiro,BRA1,2026-06,2026-06,1,0,3291,2,2,2,players.current_market_value
48280,Edinson Cavani,Uruguay,Attack,US Palermo,ARG1,2007-04,2010-07,40,0,230,4.85,11,11,player_valuations
48280,Edinson Cavani,Uruguay,Attack,SSC Napoli,ARG1,2010-08,2013-06,35,6,6,15.5,55,55,player_valuations
48280,Edinson Cavani,Uruguay,Attack,Paris Saint-Germain,ARG1,2013-07,2020-09,87,19,4,60,20,60,player_valuations
48280,Edinson Cavani,Uruguay,Attack,Manchester United,ARG1,2020-10,2022-10,25,0,727,12,4,12,player_valuations
48280,Edinson Cavani,Uruguay,Attack,Valencia CF,ARG1,2022-11,2023-09,11,0,1586,5,3,5,player_valuations
48280,Edinson Cavani,Uruguay,Attack,CA Boca Juniors,ARG1,2023-10,2025-03,18,0,2794,2.5,2.5,2.5,player_valuations
48280,Edinson Cavani,Uruguay,Attack,Club Atlético Boca Juniors,ARG1,2026-06,2026-06,1,0,2856,2.5,2.5,2.5,players.current_market_value
68290,Neymar,Brazil,Midfield,Santos FC,BRA1,2009-02,2013-06,53,5,7,1,50,50,player_valuations
68290,Neymar,Brazil,Midfield,FC Barcelona,BRA1,2013-07,2017-09,51,51,3,50,100,100,player_valuations
68290,Neymar,Brazil,Midfield,Paris Saint-Germain,BRA1,2017-10,2023-09,72,55,1,150,60,180,player_valuations
68290,Neymar,Brazil,Midfield,Al-Hilal SFC,BRA1,2023-10,2025-03,18,0,106,50,50,50,player_valuations
68290,Neymar,Brazil,Midfield,Santos Futebol Clube,BRA1,2026-06,2026-06,1,0,113,50,50,50,players.current_market_value
74842,Mario Götze,Germany,Midfield,Borussia Dortmund U19,L1,2009-07,2010-07,13,0,2882,0.4,1,1,player_valuations
74842,Mario Götze,Germany,Midfield,Borussia Dortmund,L1,2010-08,2014-01,42,1,10,1.5,45,45,player_valuations
74842,Mario Götze,Germany,Midfield,Bayern Munich,L1,2014-02,2016-06,29,5,8,55,35,55,player_valuations
74842,Mario Götze,Germany,Midfield,Borussia Dortmund,L1,2016-07,2020-09,51,0,95,28,10.5,28,player_valuations
74842,Mario Götze,Germany,Midfield,PSV Eindhoven,L1,2020-10,2022-10,25,0,763,10.5,10,12,player_valuations
74842,Mario Götze,Germany,Midfield,Eintracht Frankfurt,L1,2022-11,2026-05,43,0,748,13,3.5,13,player_valuations
74842,Mario Götze,Germany,Midfield,Eintracht Frankfurt Fußball AG,L1,2026-06,2026-06,1,0,2381,3.5,3.5,3.5,players.current_market_value
39381,Gareth Bale,Wales,Attack,Southampton FC,ES1,2006-08,2007-07,12,0,196,0.3,7.5,7.5,player_valuations
39381,Gareth Bale,Wales,Attack,Tottenham Hotspur,ES1,2007-08,2013-08,73,2,4,14.7,65,65,player_valuations
39381,Gareth Bale,Wales,Attack,Real Madrid,ES1,2013-09,2020-09,85,52,3,80,28,90,player_valuations
39381,Gareth Bale,Wales,Attack,Tottenham Hotspur,ES1,2020-10,2021-09,12,0,293,25,18,25,player_valuations
39381,Gareth Bale,Wales,Attack,Real Madrid,ES1,2021-10,2022-07,10,0,884,10,3,10,player_valuations
39381,Gareth Bale,Wales,Attack,Los Angeles FC,ES1,2022-08,2023-11,16,0,2383,3,2,3,player_valuations
35664,Mesut Özil,Germany,Midfield,FC Schalke 04 U19,TR1,2006-02,2006-06,5,0,1997,0.075,0.075,0.075,player_valuations
35664,Mesut Özil,Germany,Midfield,FC Schalke 04,TR1,2006-07,2008-02,20,0,899,0.15,2.5,2.5,player_valuations
35664,Mesut Özil,Germany,Midfield,SV Werder Bremen,TR1,2008-03,2011-01,35,0,41,3.5,27,27,player_valuations
35664,Mesut Özil,Germany,Midfield,Real Madrid,TR1,2011-02,2013-08,31,0,19,32,40,40,player_valuations
35664,Mesut Özil,Germany,Midfield,Arsenal FC,TR1,2013-09,2021-02,90,5,7,50,5,50,player_valuations
35664,Mesut Özil,Germany,Midfield,Fenerbahce,TR1,2021-03,2022-09,19,0,1663,5,1.8,5,player_valuations
35664,Mesut Özil,Germany,Midfield,Basaksehir FK,TR1,2022-10,2024-08,23,0,5004,1,0.7,1,player_valuations
44352,Luis Suárez,Uruguay,Attack,FC Groningen,MLS1,2006-09,2007-07,11,0,1034,0.25,1,1,player_valuations
44352,Luis Suárez,Uruguay,Attack,Ajax Amsterdam,MLS1,2007-08,2012-01,54,0,51,7.5,25,25,player_valuations
44352,Luis Suárez,Uruguay,Attack,Liverpool FC,MLS1,2012-02,2014-06,29,6,8,28,52,52,player_valuations
44352,Luis Suárez,Uruguay,Attack,FC Barcelona,MLS1,2014-07,2020-09,75,42,4,60,28,90,player_valuations
44352,Luis Suárez,Uruguay,Attack,Atlético de Madrid,MLS1,2020-10,2022-10,25,0,482,18,8,18,player_valuations
44352,Luis Suárez,Uruguay,Attack,Club Nacional,MLS1,2022-11,2023-03,5,0,1996,4,4,4,player_valuations
44352,Luis Suárez,Uruguay,Attack,Grêmio Foot-Ball Porto Alegrense,MLS1,2023-04,2024-12,21,0,2045,4,4,4,player_valuations
44352,Luis Suárez,Uruguay,Attack,Club Internacional de Fútbol Miami,MLS1,2026-06,2026-06,1,0,2180,4,4,4,players.current_market_value
88103,James Rodríguez,Colombia,Midfield,CA Banfield,MLS1,2009-03,2010-06,16,0,1501,0.25,2.5,2.5,player_valuations
88103,James Rodríguez,Colombia,Midfield,FC Porto,MLS1,2010-07,2013-06,36,0,86,4.5,23,23,player_valuations
88103,James Rodríguez,Colombia,Midfield,AS Monaco,MLS1,2013-07,2014-06,12,0,33,32,35,35,player_valuations
88103,James Rodríguez,Colombia,Midfield,Real Madrid,MLS1,2014-07,2017-11,41,27,4,60,50,80,player_valuations
88103,James Rodríguez,Colombia,Midfield,Bayern Munich,MLS1,2017-12,2019-11,24,0,23,50,50,80,player_valuations
88103,James Rodríguez,Colombia,Midfield,Real Madrid,MLS1,2019-12,2020-09,10,0,166,40,32,40,player_valuations
88103,James Rodríguez,Colombia,Midfield,Everton FC,MLS1,2020-10,2021-09,12,0,171,35,28,35,player_valuations
88103,James Rodríguez,Colombia,Midfield,Al-Rayyan SC,MLS1,2021-10,2022-10,13,0,402,20,13,20,player_valuations
88103,James Rodríguez,Colombia,Midfield,Olympiacos Piraeus,MLS1,2022-11,2023-04,6,0,1015,9,9,9,player_valuations
88103,James Rodríguez,Colombia,Midfield,Without Club,MLS1,2023-05,2024-10,18,0,1486,6,6,6,player_valuations
88103,James Rodríguez,Colombia,Midfield,Minnesota United FC,MLS1,2026-06,2026-06,1,0,1584,6,6,6,players.current_market_value
45320,Ángel Di María,Argentina,Attack,SL Benfica,ARG1,2007-07,2010-06,36,0,296,4,9.5,9.5,player_valuations
45320,Ángel Di María,Argentina,Attack,Real Madrid,ARG1,2010-07,2014-09,51,3,10,15.5,50,50,player_valuations
45320,Ángel Di María,Argentina,Attack,Manchester United,ARG1,2014-10,2016-01,16,9,5,65,50,65,player_valuations
45320,Ángel Di María,Argentina,Attack,Paris Saint-Germain,ARG1,2016-02,2022-10,81,2,10,60,12,60,player_valuations
45320,Ángel Di María,Argentina,Attack,Juventus FC,ARG1,2022-11,2023-11,13,0,884,10,8,10,player_valuations
45320,Ángel Di María,Argentina,Attack,SL Benfica,ARG1,2023-12,2025-11,24,0,1689,5,2,5,player_valuations
45320,Ángel Di María,Argentina,Attack,CA Rosario Central,ARG1,2025-12,2026-05,6,0,2097,2,2,2,player_valuations
45320,Ángel Di María,Argentina,Attack,Club Atlético Rosario Central,ARG1,2026-06,2026-06,1,0,3175,2,2,2,players.current_market_value
27992,Luka Modrić,Croatia,Midfield,GNK Dinamo Zagreb,IT1,2005-09,2009-01,41,0,65,0.15,18,18,player_valuations
27992,Luka Modrić,Croatia,Midfield,Tottenham Hotspur,IT1,2009-02,2012-07,42,0,11,17,39,39,player_valuations
27992,Luka Modrić,Croatia,Midfield,Real Madrid,IT1,2012-08,2025-11,160,12,8,40,4,55,player_valuations
27992,Luka Modrić,Croatia,Midfield,AC Milan,IT1,2025-12,2026-05,6,0,1510,4,4,4,player_valuations
27992,Luka Modrić,Croatia,Midfield,Associazione Calcio Milan,IT1,2026-06,2026-06,1,0,2181,4,4,4,players.current_market_value
50202,Eden Hazard,Belgium,Attack,LOSC Lille U19,ES1,2008-05,2008-11,7,0,3021,0.4,0.4,0.4,player_valuations
50202,Eden Hazard,Belgium,Attack,LOSC Lille,ES1,2008-12,2012-06,43,0,34,1.8,33,33,player_valuations
50202,Eden Hazard,Belgium,Attack,Chelsea FC,ES1,2012-07,2019-11,89,49,3,40,150,150,player_valuations
50202,Eden Hazard,Belgium,Attack,Real Madrid,ES1,2019-12,2024-11,60,3,10,120,5,120,player_valuations
58358,Thomas Müller,Germany,Attack,FC Bayern Munich II,MLS1,2008-08,2009-07,12,0,3177,0.1,0.75,0.75,player_valuations
58358,Thomas Müller,Germany,Attack,Bayern Munich,MLS1,2009-08,2025-11,196,21,6,1.5,6,75,player_valuations
58358,Thomas Müller,Germany,Attack,Vancouver Whitecaps FC,MLS1,2025-12,2026-06,7,0,1355,5,5,5,player_valuations | players.current_market_value
122153,Paul Pogba,France,Midfield,Manchester United Reserves,FR1,2012-04,2012-10,7,0,1281,3.5,3.5,3.5,player_valuations
122153,Paul Pogba,France,Midfield,Juventus FC,FR1,2012-11,2016-09,47,9,10,6,70,70,player_valuations
122153,Paul Pogba,France,Midfield,Manchester United,FR1,2016-10,2022-10,73,14,7,80,48,100,player_valuations
122153,Paul Pogba,France,Midfield,Juventus FC,FR1,2022-11,2024-11,25,0,184,35,15,35,player_valuations
122153,Paul Pogba,France,Midfield,Association sportive de Monaco Football Club,FR1,2026-06,2026-06,1,0,805,15,15,15,players.current_market_value
40433,Alexis Sánchez,Chile,Attack,CSD Colo-Colo,ES1,2006-12,2007-08,9,0,2263,0.05,0.05,0.05,player_valuations
40433,Alexis Sánchez,Chile,Attack,CA River Plate,ES1,2007-09,2008-06,10,0,788,2.75,3.4,3.4,player_valuations
40433,Alexis Sánchez,Chile,Attack,Udinese Calcio,ES1,2008-07,2011-06,36,0,48,3.8,25,25,player_valuations
40433,Alexis Sánchez,Chile,Attack,FC Barcelona,ES1,2011-07,2014-07,37,0,22,26,30,38,player_valuations
40433,Alexis Sánchez,Chile,Attack,Arsenal FC,ES1,2014-08,2018-04,45,3,9,38,70,70,player_valuations
40433,Alexis Sánchez,Chile,Attack,Manchester United,ES1,2018-05,2019-11,19,0,30,70,35,70,player_valuations
40433,Alexis Sánchez,Chile,Attack,Inter Milan,ES1,2019-12,2022-10,35,0,315,25,3.5,25,player_valuations
40433,Alexis Sánchez,Chile,Attack,Olympique Marseille,ES1,2022-11,2023-11,13,0,1754,4.5,4,4.5,player_valuations
40433,Alexis Sánchez,Chile,Attack,Inter Milan,ES1,2023-12,2024-11,12,0,2850,2.5,2.5,2.5,player_valuations
40433,Alexis Sánchez,Chile,Attack,Udinese Calcio,ES1,2024-12,2025-11,12,0,3038,2,1.5,2,player_valuations
40433,Alexis Sánchez,Chile,Attack,Sevilla FC,ES1,2025-12,2026-05,6,0,2618,1.4,1.4,1.4,player_valuations
40433,Alexis Sánchez,Chile,Attack,Sevilla Fútbol Club S.A.D.,ES1,2026-06,2026-06,1,0,4096,1.4,1.4,1.4,players.current_market_value
88755,Kevin De Bruyne,Belgium,Midfield,KRC Genk,IT1,2008-10,2012-12,51,0,358,0.1,9,9,player_valuations
88755,Kevin De Bruyne,Belgium,Midfield,SV Werder Bremen,IT1,2013-01,2013-06,6,0,345,10,10,10,player_valuations
88755,Kevin De Bruyne,Belgium,Midfield,Chelsea FC,IT1,2013-07,2014-01,7,0,175,15,15,17,player_valuations
88755,Kevin De Bruyne,Belgium,Midfield,VfL Wolfsburg,IT1,2014-02,2015-09,20,0,22,17,45,45,player_valuations
88755,Kevin De Bruyne,Belgium,Midfield,Manchester City,IT1,2015-10,2025-11,122,60,4,60,20,150,player_valuations
88755,Kevin De Bruyne,Belgium,Midfield,SSC Napoli,IT1,2025-12,2026-05,6,0,589,15,15,15,player_valuations
88755,Kevin De Bruyne,Belgium,Midfield,Società Sportiva Calcio Napoli,IT1,2026-06,2026-06,1,0,771,15,15,15,players.current_market_value
38253,Robert Lewandowski,Poland,Attack,Znicz Pruszkow,ES1,2008-03,2008-08,6,0,2868,0.1,0.5,0.5,player_valuations
38253,Robert Lewandowski,Poland,Attack,Lech Poznan,ES1,2008-09,2010-06,22,0,844,0.8,4.5,4.5,player_valuations
38253,Robert Lewandowski,Poland,Attack,Borussia Dortmund,ES1,2010-07,2014-06,48,0,12,6,50,50,player_valuations
38253,Robert Lewandowski,Poland,Attack,Bayern Munich,ES1,2014-07,2022-10,100,27,6,50,45,90,player_valuations
38253,Robert Lewandowski,Poland,Attack,FC Barcelona,ES1,2022-11,2025-11,37,0,115,45,15,45,player_valuations
38253,Robert Lewandowski,Poland,Attack,Futbol Club Barcelona,ES1,2026-06,2026-06,1,0,812,15,15,15,players.current_market_value
125781,Antoine Griezmann,France,Attack,Real Sociedad,ES1,2009-09,2014-07,59,0,53,0.1,30,30,player_valuations
125781,Antoine Griezmann,France,Attack,Atlético de Madrid,ES1,2014-08,2019-11,64,42,4,30,130,150,player_valuations
125781,Antoine Griezmann,France,Attack,FC Barcelona,ES1,2019-12,2021-09,22,4,9,120,60,120,player_valuations
125781,Antoine Griezmann,France,Attack,Atlético de Madrid,ES1,2021-10,2026-05,56,0,75,50,11,50,player_valuations
125781,Antoine Griezmann,France,Attack,Club Atlético de Madrid S.A.D.,ES1,2026-06,2026-06,1,0,984,11,11,11,players.current_market_value
39153,Gonzalo Higuaín,Argentina,Attack,CA River Plate,IT1,2006-10,2007-05,8,0,77,3,12,12,player_valuations
39153,Gonzalo Higuaín,Argentina,Attack,Real Madrid,IT1,2007-06,2013-07,74,0,14,14.3,30,38,player_valuations
39153,Gonzalo Higuaín,Argentina,Attack,SSC Napoli,IT1,2013-08,2016-09,38,0,12,33,65,65,player_valuations
39153,Gonzalo Higuaín,Argentina,Attack,Juventus FC,IT1,2016-10,2018-11,26,12,8,75,55,75,player_valuations
39153,Gonzalo Higuaín,Argentina,Attack,AC Milan,IT1,2018-12,2019-02,3,0,91,50,50,50,player_valuations
39153,Gonzalo Higuaín,Argentina,Attack,Chelsea FC,IT1,2019-03,2019-11,9,0,118,45,35,45,player_valuations
39153,Gonzalo Higuaín,Argentina,Attack,Juventus FC,IT1,2019-12,2020-11,12,0,240,32,15,32,player_valuations
39153,Gonzalo Higuaín,Argentina,Attack,Inter Miami CF,IT1,2020-12,2021-11,12,0,860,10,3.5,10,player_valuations
342229,Kylian Mbappé,France,Attack,AS Monaco U19,ES1,2015-12,2016-01,2,0,13041,0.05,0.05,0.05,player_valuations
342229,Kylian Mbappé,France,Attack,AS Monaco,ES1,2016-02,2017-09,20,0,70,0.25,35,35,player_valuations
342229,Kylian Mbappé,France,Attack,Paris Saint-Germain,ES1,2017-10,2025-11,98,98,1,90,180,200,player_valuations
342229,Kylian Mbappé,France,Attack,Real Madrid Club de Fútbol,ES1,2026-06,2026-06,1,1,2,180,180,180,players.current_market_value
132098,Harry Kane,England,Attack,Norwich City,L1,2012-11,2014-06,20,0,5841,0.5,0.5,0.5,player_valuations
132098,Harry Kane,England,Attack,Tottenham Hotspur,L1,2014-08,2023-09,110,61,2,3,90,150,player_valuations
132098,Harry Kane,England,Attack,Bayern Munich,L1,2023-10,2026-05,32,7,7,110,65,110,player_valuations
132098,Harry Kane,England,Attack,FC Bayern München,L1,2026-06,2026-06,1,0,62,65,65,65,players.current_market_value
206050,Paulo Dybala,Argentina,Attack,Instituto ACC,IT1,2011-12,2012-06,7,0,2127,2,2,2,player_valuations
206050,Paulo Dybala,Argentina,Attack,US Palermo,IT1,2012-07,2015-06,36,0,104,7,23,23,player_valuations
206050,Paulo Dybala,Argentina,Attack,Juventus FC,IT1,2015-07,2022-10,88,9,6,28,35,110,player_valuations
206050,Paulo Dybala,Argentina,Attack,AS Roma,IT1,2022-11,2026-05,43,0,237,30,5,30,player_valuations
206050,Paulo Dybala,Argentina,Attack,Associazione Sportiva Roma,IT1,2026-06,2026-06,1,0,1875,5,5,5,players.current_market_value
80444,Philippe Coutinho,Brazil,Midfield,Clube de Regatas Vasco da Gama,BRA1,2008-07,2010-07,25,0,1565,1,2.5,2.5,player_valuations
80444,Philippe Coutinho,Brazil,Midfield,Inter Milan,IT1,2010-08,2012-01,18,0,448,4.5,8,8,player_valuations
80444,Philippe Coutinho,Brazil,Midfield,RCD Espanyol Barcelona,ES1,2012-02,2012-06,5,0,555,7,7,7,player_valuations
80444,Philippe Coutinho,Brazil,Midfield,Inter Milan,IT1,2012-07,2013-01,7,0,415,8.5,9,9,player_valuations
80444,Philippe Coutinho,Brazil,Midfield,Liverpool FC,GB1,2013-02,2018-02,61,2,10,10,90,90,player_valuations
80444,Philippe Coutinho,Brazil,Midfield,FC Barcelona,ES1,2018-03,2019-11,21,9,9,100,90,150,player_valuations
80444,Philippe Coutinho,Brazil,Midfield,Bayern Munich,L1,2019-12,2020-09,10,0,56,70,56,70,player_valuations
80444,Philippe Coutinho,Brazil,Midfield,FC Barcelona,ES1,2020-10,2022-02,17,0,62,60,18,60,player_valuations
80444,Philippe Coutinho,Brazil,Midfield,Aston Villa,GB1,2022-03,2023-10,20,0,432,20,10,20,player_valuations
80444,Philippe Coutinho,Brazil,Midfield,Al-Duhail SC,BRA1,2023-11,2025-10,24,0,1115,9,7.5,9,player_valuations
148455,Mohamed Salah,Egypt,Attack,El Mokawloon SC,GB1,2010-06,2012-06,25,0,2773,0.025,1.5,1.5,player_valuations
148455,Mohamed Salah,Egypt,Attack,FC Basel 1893,GB1,2012-07,2014-01,19,0,469,2.5,8.5,8.5,player_valuations
148455,Mohamed Salah,Egypt,Attack,Chelsea FC,GB1,2014-02,2015-01,12,0,266,13,13,13,player_valuations
148455,Mohamed Salah,Egypt,Attack,ACF Fiorentina,GB1,2015-02,2015-06,5,0,323,10,12,12,player_valuations
148455,Mohamed Salah,Egypt,Attack,Chelsea FC,GB1,2015-07,2015-10,4,0,177,18,18,18,player_valuations
148455,Mohamed Salah,Egypt,Attack,AS Roma,GB1,2015-11,2017-09,23,0,75,20,35,35,player_valuations
148455,Mohamed Salah,Egypt,Attack,Liverpool FC,GB1,2017-10,2026-05,104,54,4,40,30,150,player_valuations
148455,Mohamed Salah,Egypt,Attack,Liverpool Football Club,GB1,2026-06,2026-06,1,0,302,30,30,30,players.current_market_value
207929,Dele Alli,England,Midfield,Milton Keynes Dons,IT1,2013-08,2015-06,23,0,897,0.05,5,5,player_valuations
207929,Dele Alli,England,Midfield,Tottenham Hotspur,GB1,2015-07,2022-02,80,1,10,5,25,100,player_valuations
207929,Dele Alli,England,Midfield,Everton FC,GB1,2022-03,2022-09,7,0,339,22,16,22,player_valuations
207929,Dele Alli,England,Midfield,Besiktas JK,TR1,2022-10,2023-09,12,0,682,14,8,14,player_valuations
207929,Dele Alli,England,Midfield,Everton FC,GB1,2023-10,2024-09,12,0,1710,5,5,5,player_valuations
207929,Dele Alli,England,Midfield,Without Club,IT1,2024-10,2025-05,8,0,2209,3.5,3.5,3.5,player_valuations
207929,Dele Alli,England,Midfield,Como 1907,IT1,2025-06,2025-09,4,0,3046,2,2,2,player_valuations
207929,Dele Alli,England,Midfield,Without Club,IT1,2025-10,2026-06,9,0,2443,1.5,1.5,1.5,player_valuations
134425,Raheem Sterling,England,Attack,Liverpool FC,NL1,2012-09,2015-09,37,0,36,2.5,40,40,player_valuations
134425,Raheem Sterling,England,Attack,Manchester City,NL1,2015-10,2022-10,85,29,3,50,70,160,player_valuations
134425,Raheem Sterling,England,Attack,Chelsea FC,NL1,2022-11,2024-11,25,0,42,70,35,70,player_valuations
134425,Raheem Sterling,England,Attack,Arsenal FC,NL1,2024-12,2025-09,10,0,475,22,10,22,player_valuations
134425,Raheem Sterling,England,Attack,Chelsea FC,NL1,2025-10,2026-05,8,0,1336,7,5,7,player_valuations
134425,Raheem Sterling,England,Attack,Feyenoord Rotterdam,NL1,2026-06,2026-06,1,0,1880,5,5,5,players.current_market_value
288230,Ousmane Dembélé,France,Attack,Stade Rennais FC,FR1,2015-10,2016-06,9,0,355,0.25,12,12,player_valuations
288230,Ousmane Dembélé,France,Attack,Borussia Dortmund,FR1,2016-07,2017-12,18,0,79,14,33,33,player_valuations
288230,Ousmane Dembélé,France,Attack,FC Barcelona,FR1,2018-01,2023-11,71,4,9,80,60,120,player_valuations
288230,Ousmane Dembélé,France,Attack,Paris Saint-Germain,FR1,2023-12,2026-05,30,0,15,60,100,100,player_valuations
288230,Ousmane Dembélé,France,Attack,Paris Saint-Germain Football Club,FR1,2026-06,2026-06,1,0,21,100,100,100,players.current_market_value
200512,Sadio Mané,Senegal,Attack,FC Metz,SA1,2012-04,2012-08,5,0,5991,0.25,0.5,0.5,player_valuations
200512,Sadio Mané,Senegal,Attack,Red Bull Salzburg,SA1,2012-09,2014-09,25,0,565,2,7.5,7.5,player_valuations
200512,Sadio Mané,Senegal,Attack,Southampton FC,SA1,2014-10,2016-07,22,0,152,10,20,20,player_valuations
200512,Sadio Mané,Senegal,Attack,Liverpool FC,SA1,2016-08,2022-08,73,24,6,30,70,150,player_valuations
200512,Sadio Mané,Senegal,Attack,Bayern Munich,SA1,2022-09,2024-11,27,0,65,60,25,60,player_valuations
200512,Sadio Mané,Senegal,Attack,Al-Nassr Football Club,SA1,2026-06,2026-06,1,0,435,25,25,25,players.current_market_value
401173,Jadon Sancho,England,Attack,Borussia Dortmund,GB1,2017-08,2021-09,50,19,4,5,100,130,player_valuations
401173,Jadon Sancho,England,Attack,Manchester United,GB1,2021-10,2024-04,31,3,10,90,25,90,player_valuations
401173,Jadon Sancho,England,Attack,Borussia Dortmund,GB1,2024-05,2024-11,7,0,269,30,30,30,player_valuations
401173,Jadon Sancho,England,Attack,Chelsea FC,GB1,2024-12,2025-09,10,0,278,30,28,30,player_valuations
401173,Jadon Sancho,England,Attack,Aston Villa,GB1,2025-10,2026-05,8,0,364,25,20,25,player_valuations
401173,Jadon Sancho,England,Attack,Aston Villa Football Club,GB1,2026-06,2026-06,1,0,552,20,20,20,players.current_market_value
314353,Trent Alexander-Arnold,England,Defender,Liverpool FC,ES1,2017-02,2025-11,106,13,8,0.5,75,110,player_valuations
314353,Trent Alexander-Arnold,England,Defender,Real Madrid,ES1,2025-12,2026-05,6,0,43,70,70,70,player_valuations
314353,Trent Alexander-Arnold,England,Defender,Real Madrid Club de Fútbol,ES1,2026-06,2026-06,1,0,55,70,70,70,players.current_market_value
418560,Erling Haaland,Norway,Attack,Bryne FK,GB1,2016-12,2017-11,12,0,10009,0.2,0.2,0.2,player_valuations
418560,Erling Haaland,Norway,Attack,Molde FK,GB1,2017-12,2019-05,18,0,1446,0.3,5,5,player_valuations
418560,Erling Haaland,Norway,Attack,Red Bull Salzburg,GB1,2019-06,2020-01,8,0,136,5,45,45,player_valuations
418560,Erling Haaland,Norway,Attack,Borussia Dortmund,GB1,2020-02,2022-10,33,24,2,60,150,150,player_valuations
418560,Erling Haaland,Norway,Attack,Manchester City,GB1,2022-11,2026-05,43,43,1,170,200,200,player_valuations
418560,Erling Haaland,Norway,Attack,Manchester City Football Club,GB1,2026-06,2026-06,1,1,1,200,200,200,players.current_market_value
96341,Romelu Lukaku,Belgium,Attack,RSC Anderlecht U17,IT1,2009-05,2009-08,4,0,4032,0.4,0.4,0.4,player_valuations
96341,Romelu Lukaku,Belgium,Attack,RSC Anderlecht,IT1,2009-09,2012-01,29,0,170,2,15,15,player_valuations
96341,Romelu Lukaku,Belgium,Attack,Chelsea FC,IT1,2012-02,2012-12,11,0,181,15,14,15,player_valuations
96341,Romelu Lukaku,Belgium,Attack,West Bromwich Albion,IT1,2013-01,2013-06,6,0,120,19,19,19,player_valuations
96341,Romelu Lukaku,Belgium,Attack,Chelsea FC,IT1,2013-07,2013-12,6,0,81,24,24,24,player_valuations
96341,Romelu Lukaku,Belgium,Attack,Everton FC,IT1,2014-01,2017-07,43,0,25,25,50,50,player_valuations
96341,Romelu Lukaku,Belgium,Attack,Manchester United,IT1,2017-08,2019-11,28,0,13,60,75,100,player_valuations
96341,Romelu Lukaku,Belgium,Attack,Inter Milan,IT1,2019-12,2021-11,24,7,8,75,100,100,player_valuations
96341,Romelu Lukaku,Belgium,Attack,Chelsea FC,IT1,2021-12,2022-10,11,3,5,100,70,100,player_valuations
96341,Romelu Lukaku,Belgium,Attack,Inter Milan,IT1,2022-11,2023-11,13,0,77,55,40,55,player_valuations
96341,Romelu Lukaku,Belgium,Attack,AS Roma,IT1,2023-12,2024-11,12,0,228,35,30,35,player_valuations
96341,Romelu Lukaku,Belgium,Attack,SSC Napoli,IT1,2024-12,2026-05,18,0,419,25,15,25,player_valuations
96341,Romelu Lukaku,Belgium,Attack,Società Sportiva Calcio Napoli,IT1,2026-06,2026-06,1,0,816,15,15,15,players.current_market_value
240306,Bruno Fernandes,Portugal,Midfield,Novara Calcio 1908,GB1,2012-10,2013-12,15,0,1242,0.05,3.5,3.5,player_valuations
240306,Bruno Fernandes,Portugal,Midfield,Udinese Calcio,GB1,2014-01,2016-12,36,0,598,4.5,6.5,7,player_valuations
240306,Bruno Fernandes,Portugal,Midfield,UC Sampdoria,GB1,2017-01,2017-10,10,0,727,7,7.5,7.5,player_valuations
240306,Bruno Fernandes,Portugal,Midfield,Sporting CP,GB1,2017-11,2020-03,29,0,67,12,60,60,player_valuations
240306,Bruno Fernandes,Portugal,Midfield,Manchester United,GB1,2020-04,2026-05,74,18,6,48,40,90,player_valuations
240306,Bruno Fernandes,Portugal,Midfield,Manchester United Football Club,GB1,2026-06,2026-06,1,0,157,40,40,40,players.current_market_value
326330,Frenkie de Jong,Netherlands,Midfield,Willem II Tilburg,ES1,2015-05,2016-01,9,0,7259,0.05,0.4,0.4,player_valuations
326330,Frenkie de Jong,Netherlands,Midfield,Ajax Amsterdam U21,ES1,2016-02,2016-06,5,0,5781,0.4,0.6,0.6,player_valuations
326330,Frenkie de Jong,Netherlands,Midfield,Ajax Amsterdam,ES1,2016-07,2019-11,41,0,26,0.6,85,85,player_valuations
326330,Frenkie de Jong,Netherlands,Midfield,FC Barcelona,ES1,2019-12,2025-11,72,6,10,90,70,90,player_valuations
326330,Frenkie de Jong,Netherlands,Midfield,Futbol Club Barcelona,ES1,2026-06,2026-06,1,0,48,70,70,70,players.current_market_value
203460,Jack Grealish,England,Attack,Aston Villa,GB1,2013-07,2013-11,5,0,9937,0.15,0.15,0.15,player_valuations
203460,Jack Grealish,England,Attack,Notts County,GB1,2013-12,2014-09,10,0,8818,0.25,0.25,0.25,player_valuations
203460,Jack Grealish,England,Attack,Aston Villa,GB1,2014-10,2021-09,84,0,42,1,65,65,player_valuations
203460,Jack Grealish,England,Attack,Manchester City,GB1,2021-10,2025-11,50,2,4,100,28,100,player_valuations
203460,Jack Grealish,England,Attack,Everton FC,GB1,2025-12,2026-05,6,0,313,25,25,25,player_valuations
203460,Jack Grealish,England,Attack,Everton Football Club,GB1,2026-06,2026-06,1,0,395,25,25,25,players.current_market_value
371998,Vinicius Junior,Brazil,Attack,CR Flamengo,ES1,2017-10,2018-11,14,0,148,10,35,35,player_valuations
371998,Vinicius Junior,Brazil,Attack,Real Madrid,ES1,2018-12,2025-11,84,48,3,35,180,180,player_valuations
371998,Vinicius Junior,Brazil,Attack,Real Madrid Club de Fútbol,ES1,2026-06,2026-06,1,1,3,180,180,180,players.current_market_value
406635,Phil Foden,England,Midfield,Manchester City,GB1,2018-01,2025-10,94,44,4,5,150,150,player_valuations
406635,Phil Foden,England,Midfield,Manchester City Football Club,GB1,2026-06,2026-06,1,1,5,150,150,150,players.current_market_value
357498,Dušan Vlahović,Serbia,Attack,FK Partizan Belgrade,IT1,2016-05,2018-06,26,0,3988,0.5,1,1,player_valuations
357498,Dušan Vlahović,Serbia,Attack,ACF Fiorentina,IT1,2018-07,2022-02,44,0,29,1,70,70,player_valuations
357498,Dušan Vlahović,Serbia,Attack,Juventus FC,IT1,2022-03,2026-05,51,8,8,85,35,85,player_valuations
357498,Dušan Vlahović,Serbia,Attack,Juventus Football Club,IT1,2026-06,2026-06,1,0,215,35,35,35,players.current_market_value
161056,Joshua Kimmich,Germany,Midfield,RB Leipzig,L1,2013-08,2015-06,23,0,921,0.3,5,5,player_valuations
161056,Joshua Kimmich,Germany,Midfield,VfB Stuttgart,L1,2015-07,2016-01,7,0,956,5,5,5,player_valuations
161056,Joshua Kimmich,Germany,Midfield,Bayern Munich,L1,2016-02,2026-05,124,1,10,8,40,90,player_valuations
161056,Joshua Kimmich,Germany,Midfield,FC Bayern München,L1,2026-06,2026-06,1,0,178,40,40,40,players.current_market_value
241641,Bernardo Silva,Portugal,Midfield,SL Benfica B,GB1,2013-11,2014-12,14,0,1741,0.6,2.5,2.5,player_valuations
241641,Bernardo Silva,Portugal,Midfield,AS Monaco,GB1,2015-01,2017-12,36,0,38,3.5,40,40,player_valuations
241641,Bernardo Silva,Portugal,Midfield,Manchester City,GB1,2018-01,2026-05,101,3,10,40,27,100,player_valuations
241641,Bernardo Silva,Portugal,Midfield,Manchester City Football Club,GB1,2026-06,2026-06,1,0,360,27,27,27,players.current_market_value
581678,Jude Bellingham,England,Midfield,Birmingham City,ES1,2019-10,2020-08,11,0,773,2.5,11,12,player_valuations
581678,Jude Bellingham,England,Midfield,Borussia Dortmund,ES1,2020-09,2023-09,37,13,3,27,120,120,player_valuations
581678,Jude Bellingham,England,Midfield,Real Madrid,ES1,2023-10,2026-05,32,32,2,150,160,180,player_valuations
581678,Jude Bellingham,England,Midfield,Real Madrid Club de Fútbol,ES1,2026-06,2026-06,1,1,4,160,160,160,players.current_market_value
683840,Pedri,Spain,Midfield,UD Las Palmas,ES1,2019-09,2020-09,13,0,1106,5,7.2,8,player_valuations
683840,Pedri,Spain,Midfield,FC Barcelona,ES1,2020-10,2025-11,62,13,7,15,80,100,player_valuations
683840,Pedri,Spain,Midfield,Futbol Club Barcelona,ES1,2026-06,2026-06,1,0,34,80,80,80,players.current_market_value
433177,Bukayo Saka,England,Attack,Arsenal FC,GB1,2019-09,2026-05,81,43,3,7,130,150,player_valuations
433177,Bukayo Saka,England,Attack,Arsenal Football Club,GB1,2026-06,2026-06,1,1,6,130,130,130,players.current_market_value
580195,Jamal Musiala,Germany,Midfield,Bayern Munich,L1,2020-07,2026-05,71,43,4,1,130,140,player_valuations
580195,Jamal Musiala,Germany,Midfield,FC Bayern München,L1,2026-06,2026-06,1,1,7,130,130,130,players.current_market_value
369081,Federico Valverde,Uruguay,Midfield,CA Peñarol,ES1,2015-08,2016-07,12,0,7023,0.4,0.45,0.45,player_valuations
369081,Federico Valverde,Uruguay,Midfield,Real Madrid Castilla,ES1,2016-08,2017-12,17,0,1702,0.5,3,3,player_valuations
369081,Federico Valverde,Uruguay,Midfield,Deportivo de La Coruña,ES1,2018-01,2018-11,11,0,1090,3,6,6,player_valuations
369081,Federico Valverde,Uruguay,Midfield,Real Madrid,ES1,2018-12,2026-05,90,32,5,6,120,130,player_valuations
369081,Federico Valverde,Uruguay,Midfield,Real Madrid Club de Fútbol,ES1,2026-06,2026-06,1,0,12,120,120,120,players.current_market_value
646740,Gavi,Spain,Midfield,FC Barcelona,ES1,2021-10,2026-05,56,1,10,25,40,90,player_valuations
646740,Gavi,Spain,Midfield,Futbol Club Barcelona,ES1,2026-06,2026-06,1,0,170,40,40,40,players.current_market_value
413112,Aurélien Tchouaméni,France,Midfield,FC Girondins Bordeaux,ES1,2018-09,2020-01,17,0,725,5,14,14,player_valuations
413112,Aurélien Tchouaméni,France,Midfield,AS Monaco,ES1,2020-02,2022-08,31,0,51,17,60,60,player_valuations
413112,Aurélien Tchouaméni,France,Midfield,Real Madrid,ES1,2022-09,2025-11,39,3,10,80,100,100,player_valuations
413112,Aurélien Tchouaméni,France,Midfield,Real Madrid Club de Fútbol,ES1,2026-06,2026-06,1,0,19,100,100,100,players.current_market_value
401923,Victor Osimhen,Nigeria,Attack,VfL Wolfsburg,TR1,2017-02,2018-11,22,0,4263,1,1,1,player_valuations
401923,Victor Osimhen,Nigeria,Attack,Royal Charleroi SC,TR1,2018-12,2019-11,12,0,728,3,13,13,player_valuations
401923,Victor Osimhen,Nigeria,Attack,LOSC Lille,TR1,2019-12,2020-09,10,0,157,30,40,40,player_valuations
401923,Victor Osimhen,Nigeria,Attack,SSC Napoli,TR1,2020-10,2024-09,48,9,6,50,100,120,player_valuations
401923,Victor Osimhen,Nigeria,Attack,Galatasaray,TR1,2024-10,2026-05,20,0,34,75,75,75,player_valuations
401923,Victor Osimhen,Nigeria,Attack,Galatasaray Spor Kulübü,TR1,2026-06,2026-06,1,0,43,75,75,75,players.current_market_value
357662,Declan Rice,England,Midfield,West Ham United,GB1,2017-10,2023-09,72,0,12,0.5,90,90,player_valuations
357662,Declan Rice,England,Midfield,Arsenal FC,GB1,2023-10,2026-05,32,18,6,100,120,120,player_valuations
357662,Declan Rice,England,Midfield,Arsenal Football Club,GB1,2026-06,2026-06,1,0,11,120,120,120,players.current_market_value
406625,Lautaro Martínez,Argentina,Attack,Racing Club,IT1,2016-02,2018-11,34,0,213,0.1,25,25,player_valuations
406625,Lautaro Martínez,Argentina,Attack,Inter Milan,IT1,2018-12,2026-05,90,3,9,25,85,110,player_valuations
406625,Lautaro Martínez,Argentina,Attack,Football Club Internazionale Milano S.p.A.,IT1,2026-06,2026-06,1,0,31,85,85,85,players.current_market_value
598577,Florian Wirtz,Germany,Midfield,Bayer 04 Leverkusen,GB1,2020-07,2025-09,63,19,7,10,140,140,player_valuations
598577,Florian Wirtz,Germany,Midfield,Liverpool FC,GB1,2025-10,2026-05,8,7,9,130,110,130,player_valuations
598577,Florian Wirtz,Germany,Midfield,Liverpool Football Club,GB1,2026-06,2026-06,1,0,14,110,110,110,players.current_market_value
357565,Rodri,Spain,Midfield,Villarreal CF,GB1,2016-08,2018-09,26,0,229,0.5,25,25,player_valuations
357565,Rodri,Spain,Midfield,Atlético de Madrid,GB1,2018-10,2019-11,14,0,32,40,80,80,player_valuations
357565,Rodri,Spain,Midfield,Manchester City,GB1,2019-12,2026-05,78,6,9,80,75,130,player_valuations
357565,Rodri,Spain,Midfield,Manchester City Football Club,GB1,2026-06,2026-06,1,0,41,75,75,75,players.current_market_value
568177,Cole Palmer,England,Midfield,Manchester City U23,GB1,2021-03,2021-11,9,0,6882,0.5,0.5,0.5,player_valuations
568177,Cole Palmer,England,Midfield,Manchester City,GB1,2021-12,2023-09,22,0,501,3,18,18,player_valuations
568177,Cole Palmer,England,Midfield,Chelsea FC,GB1,2023-10,2026-05,32,11,7,32,120,130,player_valuations
568177,Cole Palmer,England,Midfield,Chelsea Football Club,GB1,2026-06,2026-06,1,1,10,120,120,120,players.current_market_value
349066,Alexander Isak,Sweden,Attack,AIK,GB1,2016-06,2017-01,8,0,2696,0.4,1.75,1.75,player_valuations
349066,Alexander Isak,Sweden,Attack,Borussia Dortmund,GB1,2017-02,2019-05,28,0,840,6,3,6,player_valuations
349066,Alexander Isak,Sweden,Attack,Willem II Tilburg,GB1,2019-06,2019-11,6,0,1071,8,8,8,player_valuations
349066,Alexander Isak,Sweden,Attack,Real Sociedad,GB1,2019-12,2022-08,33,0,118,10,30,40,player_valuations
349066,Alexander Isak,Sweden,Attack,Newcastle United,GB1,2022-09,2025-09,37,5,10,50,120,120,player_valuations
349066,Alexander Isak,Sweden,Attack,Liverpool FC,GB1,2025-10,2026-05,8,8,5,140,120,140,player_valuations
349066,Alexander Isak,Sweden,Attack,Liverpool Football Club,GB1,2026-06,2026-06,1,1,9,120,120,120,players.current_market_value
566723,Michael Olise,France,Attack,Reading FC U18,L1,2019-10,2020-01,4,0,10765,0.2,0.2,0.2,player_valuations
566723,Michael Olise,France,Attack,Reading FC,L1,2020-02,2021-11,22,0,640,0.9,15,15,player_valuations
566723,Michael Olise,France,Attack,Crystal Palace,L1,2021-12,2024-09,34,0,78,18,55,55,player_valuations
566723,Michael Olise,France,Attack,Bayern Munich,L1,2024-10,2026-05,20,7,5,65,130,130,player_valuations
566723,Michael Olise,France,Attack,FC Bayern München,L1,2026-06,2026-06,1,1,8,130,130,130,players.current_market_value
937958,Lamine Yamal,Spain,Attack,FC Barcelona,ES1,2023-08,2025-12,29,1,10,25,120,120,player_valuations
937958,Lamine Yamal,Spain,Attack,Futbol Club Barcelona,ES1,2026-06,2026-06,1,0,13,120,120,120,players.current_market_value
