year,name,code,flag,region,currency,value,rank,color,source
2005,Colombia,COL,🇨🇴,Americas,COP,2321.13,1,#FACC15,"World Bank PA.NUS.FCRF, annual average official exchange rate"
2005,South Korea,KOR,🇰🇷,Asia,KRW,1024.33,2,#38BDF8,"World Bank PA.NUS.FCRF, annual average official exchange rate"
2005,Chile,CHL,🇨🇱,Americas,CLP,559.7675,3,#EF4444,"World Bank PA.NUS.FCRF, annual average official exchange rate"
2005,Costa Rica,CRI,🇨🇷,Americas,CRC,477.7867,4,#22C55E,"World Bank PA.NUS.FCRF, annual average official exchange rate"
2005,Hungary,HUN,🇭🇺,Europe,HUF,199.5825,5,#EC4899,"World Bank PA.NUS.FCRF, annual average official exchange rate"
2005,Slovenia,SVN,🇸🇮,Europe,SIT,192.7055,6,#65A30D,"World Bank PA.NUS.FCRF, annual average official exchange rate"
2005,Japan,JPN,🇯🇵,Asia,JPY,110.2182,7,#FB7185,"World Bank PA.NUS.FCRF, annual average official exchange rate"
2005,Iceland,ISL,🇮🇸,Europe,ISK,62.9817,8,#0EA5E9,"World Bank PA.NUS.FCRF, annual average official exchange rate"
2005,Slovak Republic,SVK,🇸🇰,Europe,SKK,31.0182,9,#2563EB,"World Bank PA.NUS.FCRF, annual average official exchange rate"
2005,Czechia,CZE,🇨🇿,Europe,CZK,23.9574,10,#818CF8,"World Bank PA.NUS.FCRF, annual average official exchange rate"
2005,Estonia,EST,🇪🇪,Europe,EEK,12.5838,11,#A855F7,"World Bank PA.NUS.FCRF, annual average official exchange rate"
2005,Mexico,MEX,🇲🇽,Americas,MXN,10.8979,12,#2DD4BF,"World Bank PA.NUS.FCRF, annual average official exchange rate"
2005,Sweden,SWE,🇸🇪,Europe,SEK,7.473088,13,#FDE047,"World Bank PA.NUS.FCRF, annual average official exchange rate"
2005,Norway,NOR,🇳🇴,Europe,NOK,6.442500,14,#F87171,"World Bank PA.NUS.FCRF, annual average official exchange rate"
2005,Denmark,DNK,🇩🇰,Europe,DKK,5.996910,15,#14B8A6,"World Bank PA.NUS.FCRF, annual average official exchange rate"
2005,Israel,ISR,🇮🇱,Middle East,ILS,4.487700,16,#6366F1,"World Bank PA.NUS.FCRF, annual average official exchange rate"
2005,Poland,POL,🇵🇱,Europe,PLN,3.235483,17,#E11D48,"World Bank PA.NUS.FCRF, annual average official exchange rate"
2005,Lithuania,LTU,🇱🇹,Europe,LTL,2.774025,18,#F59E0B,"World Bank PA.NUS.FCRF, annual average official exchange rate"
2005,New Zealand,NZL,🇳🇿,Oceania,NZD,1.420273,19,#7DD3FC,"World Bank PA.NUS.FCRF, annual average official exchange rate"
2005,Turkiye,TUR,🇹🇷,Europe/Asia,TRY,1.343583,20,#A855F7,"World Bank PA.NUS.FCRF, annual average official exchange rate"
2005,Australia,AUS,🇦🇺,Oceania,AUD,1.309473,21,#38BDF8,"World Bank PA.NUS.FCRF, annual average official exchange rate"
2005,Switzerland,CHE,🇨🇭,Europe,CHF,1.245177,22,#F87171,"World Bank PA.NUS.FCRF, annual average official exchange rate"
2005,Canada,CAN,🇨🇦,Americas,CAD,1.211405,23,#60A5FA,"World Bank PA.NUS.FCRF, annual average official exchange rate"
2005,United States,USA,🇺🇸,Americas,USD,1.000000,24,#22D3EE,"World Bank PA.NUS.FCRF, annual average official exchange rate"
2005,Austria,AUT,🇦🇹,Europe,EUR,0.803800,25,#F43F5E,"World Bank PA.NUS.FCRF, annual average official exchange rate"
2005,Belgium,BEL,🇧🇪,Europe,EUR,0.803800,26,#F97316,"World Bank PA.NUS.FCRF, annual average official exchange rate"
2005,Finland,FIN,🇫🇮,Europe,EUR,0.803800,27,#84CC16,"World Bank PA.NUS.FCRF, annual average official exchange rate"
2005,France,FRA,🇫🇷,Europe,EUR,0.803800,28,#3B82F6,"World Bank PA.NUS.FCRF, annual average official exchange rate"
2005,Germany,DEU,🇩🇪,Europe,EUR,0.803800,29,#EAB308,"World Bank PA.NUS.FCRF, annual average official exchange rate"
2005,Greece,GRC,🇬🇷,Europe,EUR,0.803800,30,#06B6D4,"World Bank PA.NUS.FCRF, annual average official exchange rate"
2005,Ireland,IRL,🇮🇪,Europe,EUR,0.803800,31,#10B981,"World Bank PA.NUS.FCRF, annual average official exchange rate"
2005,Italy,ITA,🇮🇹,Europe,EUR,0.803800,32,#22C55E,"World Bank PA.NUS.FCRF, annual average official exchange rate"
2005,Luxembourg,LUX,🇱🇺,Europe,EUR,0.803800,33,#A3E635,"World Bank PA.NUS.FCRF, annual average official exchange rate"
2005,Netherlands,NLD,🇳🇱,Europe,EUR,0.803800,34,#F97316,"World Bank PA.NUS.FCRF, annual average official exchange rate"
2005,Portugal,PRT,🇵🇹,Europe,EUR,0.803800,35,#16A34A,"World Bank PA.NUS.FCRF, annual average official exchange rate"
2005,Spain,ESP,🇪🇸,Europe,EUR,0.803800,36,#FBBF24,"World Bank PA.NUS.FCRF, annual average official exchange rate"
2005,Latvia,LVA,🇱🇻,Europe,LVL,0.564717,37,#DC2626,"World Bank PA.NUS.FCRF, annual average official exchange rate"
2005,United Kingdom,GBR,🇬🇧,Europe,GBP,0.549998,38,#818CF8,"World Bank PA.NUS.FCRF, annual average official exchange rate"
2006,Colombia,COL,🇨🇴,Americas,COP,2358.59,1,#FACC15,"World Bank PA.NUS.FCRF, annual average official exchange rate"
2006,South Korea,KOR,🇰🇷,Asia,KRW,955.3408,2,#38BDF8,"World Bank PA.NUS.FCRF, annual average official exchange rate"
2006,Chile,CHL,🇨🇱,Americas,CLP,530.2750,3,#EF4444,"World Bank PA.NUS.FCRF, annual average official exchange rate"
2006,Costa Rica,CRI,🇨🇷,Americas,CRC,511.3018,4,#22C55E,"World Bank PA.NUS.FCRF, annual average official exchange rate"
2006,Hungary,HUN,🇭🇺,Europe,HUF,210.3900,5,#EC4899,"World Bank PA.NUS.FCRF, annual average official exchange rate"
2006,Slovenia,SVN,🇸🇮,Europe,SIT,191.0283,6,#65A30D,"World Bank PA.NUS.FCRF, annual average official exchange rate"
2006,Japan,JPN,🇯🇵,Asia,JPY,116.2993,7,#FB7185,"World Bank PA.NUS.FCRF, annual average official exchange rate"
2006,Iceland,ISL,🇮🇸,Europe,ISK,70.1800,8,#0EA5E9,"World Bank PA.NUS.FCRF, annual average official exchange rate"
2006,Slovak Republic,SVK,🇸🇰,Europe,SKK,29.6973,9,#2563EB,"World Bank PA.NUS.FCRF, annual average official exchange rate"
2006,Czechia,CZE,🇨🇿,Europe,CZK,22.5956,10,#818CF8,"World Bank PA.NUS.FCRF, annual average official exchange rate"
2006,Estonia,EST,🇪🇪,Europe,EEK,12.4655,11,#A855F7,"World Bank PA.NUS.FCRF, annual average official exchange rate"
2006,Mexico,MEX,🇲🇽,Americas,MXN,10.8992,12,#2DD4BF,"World Bank PA.NUS.FCRF, annual average official exchange rate"
2006,Sweden,SWE,🇸🇪,Europe,SEK,7.378249,13,#FDE047,"World Bank PA.NUS.FCRF, annual average official exchange rate"
2006,Norway,NOR,🇳🇴,Europe,NOK,6.413333,14,#F87171,"World Bank PA.NUS.FCRF, annual average official exchange rate"
2006,Denmark,DNK,🇩🇰,Europe,DKK,5.946778,15,#14B8A6,"World Bank PA.NUS.FCRF, annual average official exchange rate"
2006,Israel,ISR,🇮🇱,Middle East,ILS,4.455808,16,#6366F1,"World Bank PA.NUS.FCRF, annual average official exchange rate"
2006,Poland,POL,🇵🇱,Europe,PLN,3.103158,17,#E11D48,"World Bank PA.NUS.FCRF, annual average official exchange rate"
2006,Lithuania,LTU,🇱🇹,Europe,LTL,2.752225,18,#F59E0B,"World Bank PA.NUS.FCRF, annual average official exchange rate"
2006,New Zealand,NZL,🇳🇿,Oceania,NZD,1.542056,19,#7DD3FC,"World Bank PA.NUS.FCRF, annual average official exchange rate"
2006,Turkiye,TUR,🇹🇷,Europe/Asia,TRY,1.428453,20,#A855F7,"World Bank PA.NUS.FCRF, annual average official exchange rate"
2006,Australia,AUS,🇦🇺,Oceania,AUD,1.327973,21,#38BDF8,"World Bank PA.NUS.FCRF, annual average official exchange rate"
2006,Switzerland,CHE,🇨🇭,Europe,CHF,1.253843,22,#F87171,"World Bank PA.NUS.FCRF, annual average official exchange rate"
2006,Canada,CAN,🇨🇦,Americas,CAD,1.134345,23,#60A5FA,"World Bank PA.NUS.FCRF, annual average official exchange rate"
2006,United States,USA,🇺🇸,Americas,USD,1.000000,24,#22D3EE,"World Bank PA.NUS.FCRF, annual average official exchange rate"
2006,Austria,AUT,🇦🇹,Europe,EUR,0.796433,25,#F43F5E,"World Bank PA.NUS.FCRF, annual average official exchange rate"
2006,Belgium,BEL,🇧🇪,Europe,EUR,0.796433,26,#F97316,"World Bank PA.NUS.FCRF, annual average official exchange rate"
2006,Finland,FIN,🇫🇮,Europe,EUR,0.796433,27,#84CC16,"World Bank PA.NUS.FCRF, annual average official exchange rate"
2006,France,FRA,🇫🇷,Europe,EUR,0.796433,28,#3B82F6,"World Bank PA.NUS.FCRF, annual average official exchange rate"
2006,Germany,DEU,🇩🇪,Europe,EUR,0.796433,29,#EAB308,"World Bank PA.NUS.FCRF, annual average official exchange rate"
2006,Greece,GRC,🇬🇷,Europe,EUR,0.796433,30,#06B6D4,"World Bank PA.NUS.FCRF, annual average official exchange rate"
2006,Ireland,IRL,🇮🇪,Europe,EUR,0.796433,31,#10B981,"World Bank PA.NUS.FCRF, annual average official exchange rate"
2006,Italy,ITA,🇮🇹,Europe,EUR,0.796433,32,#22C55E,"World Bank PA.NUS.FCRF, annual average official exchange rate"
2006,Luxembourg,LUX,🇱🇺,Europe,EUR,0.796433,33,#A3E635,"World Bank PA.NUS.FCRF, annual average official exchange rate"
2006,Netherlands,NLD,🇳🇱,Europe,EUR,0.796433,34,#F97316,"World Bank PA.NUS.FCRF, annual average official exchange rate"
2006,Portugal,PRT,🇵🇹,Europe,EUR,0.796433,35,#16A34A,"World Bank PA.NUS.FCRF, annual average official exchange rate"
2006,Spain,ESP,🇪🇸,Europe,EUR,0.796433,36,#FBBF24,"World Bank PA.NUS.FCRF, annual average official exchange rate"
2006,Latvia,LVA,🇱🇻,Europe,LVL,0.560408,37,#DC2626,"World Bank PA.NUS.FCRF, annual average official exchange rate"
2006,United Kingdom,GBR,🇬🇧,Europe,GBP,0.543487,38,#818CF8,"World Bank PA.NUS.FCRF, annual average official exchange rate"
2007,Colombia,COL,🇨🇴,Americas,COP,2077.81,1,#FACC15,"World Bank PA.NUS.FCRF, annual average official exchange rate"
2007,South Korea,KOR,🇰🇷,Asia,KRW,929.3758,2,#38BDF8,"World Bank PA.NUS.FCRF, annual average official exchange rate"
2007,Chile,CHL,🇨🇱,Americas,CLP,522.4642,3,#EF4444,"World Bank PA.NUS.FCRF, annual average official exchange rate"
2007,Costa Rica,CRI,🇨🇷,Americas,CRC,516.6174,4,#22C55E,"World Bank PA.NUS.FCRF, annual average official exchange rate"
2007,Hungary,HUN,🇭🇺,Europe,HUF,183.6258,5,#EC4899,"World Bank PA.NUS.FCRF, annual average official exchange rate"
2007,Japan,JPN,🇯🇵,Asia,JPY,117.7535,6,#FB7185,"World Bank PA.NUS.FCRF, annual average official exchange rate"
2007,Iceland,ISL,🇮🇸,Europe,ISK,64.0550,7,#0EA5E9,"World Bank PA.NUS.FCRF, annual average official exchange rate"
2007,Slovak Republic,SVK,🇸🇰,Europe,SKK,24.6943,8,#2563EB,"World Bank PA.NUS.FCRF, annual average official exchange rate"
2007,Czechia,CZE,🇨🇿,Europe,CZK,20.2937,9,#818CF8,"World Bank PA.NUS.FCRF, annual average official exchange rate"
2007,Estonia,EST,🇪🇪,Europe,EEK,11.4339,10,#A855F7,"World Bank PA.NUS.FCRF, annual average official exchange rate"
2007,Mexico,MEX,🇲🇽,Americas,MXN,10.9282,11,#2DD4BF,"World Bank PA.NUS.FCRF, annual average official exchange rate"
2007,Sweden,SWE,🇸🇪,Europe,SEK,6.758770,12,#FDE047,"World Bank PA.NUS.FCRF, annual average official exchange rate"
2007,Norway,NOR,🇳🇴,Europe,NOK,5.861667,13,#F87171,"World Bank PA.NUS.FCRF, annual average official exchange rate"
2007,Denmark,DNK,🇩🇰,Europe,DKK,5.443701,14,#14B8A6,"World Bank PA.NUS.FCRF, annual average official exchange rate"
2007,Israel,ISR,🇮🇱,Middle East,ILS,4.108083,15,#6366F1,"World Bank PA.NUS.FCRF, annual average official exchange rate"
2007,Poland,POL,🇵🇱,Europe,PLN,2.767950,16,#E11D48,"World Bank PA.NUS.FCRF, annual average official exchange rate"
2007,Lithuania,LTU,🇱🇹,Europe,LTL,2.523725,17,#F59E0B,"World Bank PA.NUS.FCRF, annual average official exchange rate"
2007,New Zealand,NZL,🇳🇿,Oceania,NZD,1.360675,18,#7DD3FC,"World Bank PA.NUS.FCRF, annual average official exchange rate"
2007,Turkiye,TUR,🇹🇷,Europe/Asia,TRY,1.302931,19,#A855F7,"World Bank PA.NUS.FCRF, annual average official exchange rate"
2007,Switzerland,CHE,🇨🇭,Europe,CHF,1.200366,20,#F87171,"World Bank PA.NUS.FCRF, annual average official exchange rate"
2007,Australia,AUS,🇦🇺,Oceania,AUD,1.195072,21,#38BDF8,"World Bank PA.NUS.FCRF, annual average official exchange rate"
2007,Canada,CAN,🇨🇦,Americas,CAD,1.074046,22,#60A5FA,"World Bank PA.NUS.FCRF, annual average official exchange rate"
2007,United States,USA,🇺🇸,Americas,USD,1.000000,23,#22D3EE,"World Bank PA.NUS.FCRF, annual average official exchange rate"
2007,Austria,AUT,🇦🇹,Europe,EUR,0.729672,24,#F43F5E,"World Bank PA.NUS.FCRF, annual average official exchange rate"
2007,Belgium,BEL,🇧🇪,Europe,EUR,0.729672,25,#F97316,"World Bank PA.NUS.FCRF, annual average official exchange rate"
2007,Finland,FIN,🇫🇮,Europe,EUR,0.729672,26,#84CC16,"World Bank PA.NUS.FCRF, annual average official exchange rate"
2007,France,FRA,🇫🇷,Europe,EUR,0.729672,27,#3B82F6,"World Bank PA.NUS.FCRF, annual average official exchange rate"
2007,Germany,DEU,🇩🇪,Europe,EUR,0.729672,28,#EAB308,"World Bank PA.NUS.FCRF, annual average official exchange rate"
2007,Greece,GRC,🇬🇷,Europe,EUR,0.729672,29,#06B6D4,"World Bank PA.NUS.FCRF, annual average official exchange rate"
2007,Ireland,IRL,🇮🇪,Europe,EUR,0.729672,30,#10B981,"World Bank PA.NUS.FCRF, annual average official exchange rate"
2007,Italy,ITA,🇮🇹,Europe,EUR,0.729672,31,#22C55E,"World Bank PA.NUS.FCRF, annual average official exchange rate"
2007,Luxembourg,LUX,🇱🇺,Europe,EUR,0.729672,32,#A3E635,"World Bank PA.NUS.FCRF, annual average official exchange rate"
2007,Netherlands,NLD,🇳🇱,Europe,EUR,0.729672,33,#F97316,"World Bank PA.NUS.FCRF, annual average official exchange rate"
2007,Portugal,PRT,🇵🇹,Europe,EUR,0.729672,34,#16A34A,"World Bank PA.NUS.FCRF, annual average official exchange rate"
2007,Slovenia,SVN,🇸🇮,Europe,EUR,0.729672,35,#65A30D,"World Bank PA.NUS.FCRF, annual average official exchange rate"
2007,Spain,ESP,🇪🇸,Europe,EUR,0.729672,36,#FBBF24,"World Bank PA.NUS.FCRF, annual average official exchange rate"
2007,Latvia,LVA,🇱🇻,Europe,LVL,0.513792,37,#DC2626,"World Bank PA.NUS.FCRF, annual average official exchange rate"
2007,United Kingdom,GBR,🇬🇧,Europe,GBP,0.499772,38,#818CF8,"World Bank PA.NUS.FCRF, annual average official exchange rate"
2008,Colombia,COL,🇨🇴,Americas,COP,1965.14,1,#FACC15,"World Bank PA.NUS.FCRF, annual average official exchange rate"
2008,South Korea,KOR,🇰🇷,Asia,KRW,1100.13,2,#38BDF8,"World Bank PA.NUS.FCRF, annual average official exchange rate"
2008,Costa Rica,CRI,🇨🇷,Americas,CRC,526.2355,3,#22C55E,"World Bank PA.NUS.FCRF, annual average official exchange rate"
2008,Chile,CHL,🇨🇱,Americas,CLP,522.4610,4,#EF4444,"World Bank PA.NUS.FCRF, annual average official exchange rate"
2008,Hungary,HUN,🇭🇺,Europe,HUF,172.1133,5,#EC4899,"World Bank PA.NUS.FCRF, annual average official exchange rate"
2008,Japan,JPN,🇯🇵,Asia,JPY,103.3595,6,#FB7185,"World Bank PA.NUS.FCRF, annual average official exchange rate"
2008,Iceland,ISL,🇮🇸,Europe,ISK,87.9479,7,#0EA5E9,"World Bank PA.NUS.FCRF, annual average official exchange rate"
2008,Slovak Republic,SVK,🇸🇰,Europe,SKK,21.3614,8,#2563EB,"World Bank PA.NUS.FCRF, annual average official exchange rate"
2008,Czechia,CZE,🇨🇿,Europe,CZK,17.0717,9,#818CF8,"World Bank PA.NUS.FCRF, annual average official exchange rate"
2008,Mexico,MEX,🇲🇽,Americas,MXN,11.1297,10,#2DD4BF,"World Bank PA.NUS.FCRF, annual average official exchange rate"
2008,Estonia,EST,🇪🇪,Europe,EEK,10.6944,11,#A855F7,"World Bank PA.NUS.FCRF, annual average official exchange rate"
2008,Sweden,SWE,🇸🇪,Europe,SEK,6.591099,12,#FDE047,"World Bank PA.NUS.FCRF, annual average official exchange rate"
2008,Norway,NOR,🇳🇴,Europe,NOK,5.640000,13,#F87171,"World Bank PA.NUS.FCRF, annual average official exchange rate"
2008,Denmark,DNK,🇩🇰,Europe,DKK,5.098131,14,#14B8A6,"World Bank PA.NUS.FCRF, annual average official exchange rate"
2008,Israel,ISR,🇮🇱,Middle East,ILS,3.588021,15,#6366F1,"World Bank PA.NUS.FCRF, annual average official exchange rate"
2008,Poland,POL,🇵🇱,Europe,PLN,2.409242,16,#E11D48,"World Bank PA.NUS.FCRF, annual average official exchange rate"
2008,Lithuania,LTU,🇱🇹,Europe,LTL,2.357075,17,#F59E0B,"World Bank PA.NUS.FCRF, annual average official exchange rate"
2008,New Zealand,NZL,🇳🇿,Oceania,NZD,1.422727,18,#7DD3FC,"World Bank PA.NUS.FCRF, annual average official exchange rate"
2008,Turkiye,TUR,🇹🇷,Europe/Asia,TRY,1.301522,19,#A855F7,"World Bank PA.NUS.FCRF, annual average official exchange rate"
2008,Australia,AUS,🇦🇺,Oceania,AUD,1.192178,20,#38BDF8,"World Bank PA.NUS.FCRF, annual average official exchange rate"
2008,Switzerland,CHE,🇨🇭,Europe,CHF,1.083090,21,#F87171,"World Bank PA.NUS.FCRF, annual average official exchange rate"
2008,Canada,CAN,🇨🇦,Americas,CAD,1.067087,22,#60A5FA,"World Bank PA.NUS.FCRF, annual average official exchange rate"
2008,United States,USA,🇺🇸,Americas,USD,1.000000,23,#22D3EE,"World Bank PA.NUS.FCRF, annual average official exchange rate"
2008,Austria,AUT,🇦🇹,Europe,EUR,0.679923,24,#F43F5E,"World Bank PA.NUS.FCRF, annual average official exchange rate"
2008,Belgium,BEL,🇧🇪,Europe,EUR,0.679923,25,#F97316,"World Bank PA.NUS.FCRF, annual average official exchange rate"
2008,Finland,FIN,🇫🇮,Europe,EUR,0.679923,26,#84CC16,"World Bank PA.NUS.FCRF, annual average official exchange rate"
2008,France,FRA,🇫🇷,Europe,EUR,0.679923,27,#3B82F6,"World Bank PA.NUS.FCRF, annual average official exchange rate"
2008,Germany,DEU,🇩🇪,Europe,EUR,0.679923,28,#EAB308,"World Bank PA.NUS.FCRF, annual average official exchange rate"
2008,Greece,GRC,🇬🇷,Europe,EUR,0.679923,29,#06B6D4,"World Bank PA.NUS.FCRF, annual average official exchange rate"
2008,Ireland,IRL,🇮🇪,Europe,EUR,0.679923,30,#10B981,"World Bank PA.NUS.FCRF, annual average official exchange rate"
2008,Italy,ITA,🇮🇹,Europe,EUR,0.679923,31,#22C55E,"World Bank PA.NUS.FCRF, annual average official exchange rate"
2008,Luxembourg,LUX,🇱🇺,Europe,EUR,0.679923,32,#A3E635,"World Bank PA.NUS.FCRF, annual average official exchange rate"
2008,Netherlands,NLD,🇳🇱,Europe,EUR,0.679923,33,#F97316,"World Bank PA.NUS.FCRF, annual average official exchange rate"
2008,Portugal,PRT,🇵🇹,Europe,EUR,0.679923,34,#16A34A,"World Bank PA.NUS.FCRF, annual average official exchange rate"
2008,Slovenia,SVN,🇸🇮,Europe,EUR,0.679923,35,#65A30D,"World Bank PA.NUS.FCRF, annual average official exchange rate"
2008,Spain,ESP,🇪🇸,Europe,EUR,0.679923,36,#FBBF24,"World Bank PA.NUS.FCRF, annual average official exchange rate"
2008,United Kingdom,GBR,🇬🇧,Europe,GBP,0.543966,37,#818CF8,"World Bank PA.NUS.FCRF, annual average official exchange rate"
2008,Latvia,LVA,🇱🇻,Europe,LVL,0.480817,38,#DC2626,"World Bank PA.NUS.FCRF, annual average official exchange rate"
2009,Colombia,COL,🇨🇴,Americas,COP,2157.60,1,#FACC15,"World Bank PA.NUS.FCRF, annual average official exchange rate"
2009,South Korea,KOR,🇰🇷,Asia,KRW,1277.25,2,#38BDF8,"World Bank PA.NUS.FCRF, annual average official exchange rate"
2009,Costa Rica,CRI,🇨🇷,Americas,CRC,573.2880,3,#22C55E,"World Bank PA.NUS.FCRF, annual average official exchange rate"
2009,Chile,CHL,🇨🇱,Americas,CLP,560.8599,4,#EF4444,"World Bank PA.NUS.FCRF, annual average official exchange rate"
2009,Hungary,HUN,🇭🇺,Europe,HUF,202.3417,5,#EC4899,"World Bank PA.NUS.FCRF, annual average official exchange rate"
2009,Iceland,ISL,🇮🇸,Europe,ISK,123.6384,6,#0EA5E9,"World Bank PA.NUS.FCRF, annual average official exchange rate"
2009,Japan,JPN,🇯🇵,Asia,JPY,93.5701,7,#FB7185,"World Bank PA.NUS.FCRF, annual average official exchange rate"
2009,Czechia,CZE,🇨🇿,Europe,CZK,19.0630,8,#818CF8,"World Bank PA.NUS.FCRF, annual average official exchange rate"
2009,Mexico,MEX,🇲🇽,Americas,MXN,13.5135,9,#2DD4BF,"World Bank PA.NUS.FCRF, annual average official exchange rate"
2009,Estonia,EST,🇪🇪,Europe,EEK,11.2574,10,#A855F7,"World Bank PA.NUS.FCRF, annual average official exchange rate"
2009,Sweden,SWE,🇸🇪,Europe,SEK,7.653819,11,#FDE047,"World Bank PA.NUS.FCRF, annual average official exchange rate"
2009,Norway,NOR,🇳🇴,Europe,NOK,6.288333,12,#F87171,"World Bank PA.NUS.FCRF, annual average official exchange rate"
2009,Denmark,DNK,🇩🇰,Europe,DKK,5.360867,13,#14B8A6,"World Bank PA.NUS.FCRF, annual average official exchange rate"
2009,Israel,ISR,🇮🇱,Middle East,ILS,3.932335,14,#6366F1,"World Bank PA.NUS.FCRF, annual average official exchange rate"
2009,Poland,POL,🇵🇱,Europe,PLN,3.120142,15,#E11D48,"World Bank PA.NUS.FCRF, annual average official exchange rate"
2009,Lithuania,LTU,🇱🇹,Europe,LTL,2.484033,16,#F59E0B,"World Bank PA.NUS.FCRF, annual average official exchange rate"
2009,New Zealand,NZL,🇳🇿,Oceania,NZD,1.600877,17,#7DD3FC,"World Bank PA.NUS.FCRF, annual average official exchange rate"
2009,Turkiye,TUR,🇹🇷,Europe/Asia,TRY,1.549960,18,#A855F7,"World Bank PA.NUS.FCRF, annual average official exchange rate"
2009,Australia,AUS,🇦🇺,Oceania,AUD,1.282189,19,#38BDF8,"World Bank PA.NUS.FCRF, annual average official exchange rate"
2009,Canada,CAN,🇨🇦,Americas,CAD,1.141535,20,#60A5FA,"World Bank PA.NUS.FCRF, annual average official exchange rate"
2009,Switzerland,CHE,🇨🇭,Europe,CHF,1.088142,21,#F87171,"World Bank PA.NUS.FCRF, annual average official exchange rate"
2009,United States,USA,🇺🇸,Americas,USD,1.000000,22,#22D3EE,"World Bank PA.NUS.FCRF, annual average official exchange rate"
2009,Austria,AUT,🇦🇹,Europe,EUR,0.716958,23,#F43F5E,"World Bank PA.NUS.FCRF, annual average official exchange rate"
2009,Belgium,BEL,🇧🇪,Europe,EUR,0.716958,24,#F97316,"World Bank PA.NUS.FCRF, annual average official exchange rate"
2009,Finland,FIN,🇫🇮,Europe,EUR,0.716958,25,#84CC16,"World Bank PA.NUS.FCRF, annual average official exchange rate"
2009,France,FRA,🇫🇷,Europe,EUR,0.716958,26,#3B82F6,"World Bank PA.NUS.FCRF, annual average official exchange rate"
2009,Germany,DEU,🇩🇪,Europe,EUR,0.716958,27,#EAB308,"World Bank PA.NUS.FCRF, annual average official exchange rate"
2009,Greece,GRC,🇬🇷,Europe,EUR,0.716958,28,#06B6D4,"World Bank PA.NUS.FCRF, annual average official exchange rate"
2009,Ireland,IRL,🇮🇪,Europe,EUR,0.716958,29,#10B981,"World Bank PA.NUS.FCRF, annual average official exchange rate"
2009,Italy,ITA,🇮🇹,Europe,EUR,0.716958,30,#22C55E,"World Bank PA.NUS.FCRF, annual average official exchange rate"
2009,Luxembourg,LUX,🇱🇺,Europe,EUR,0.716958,31,#A3E635,"World Bank PA.NUS.FCRF, annual average official exchange rate"
2009,Netherlands,NLD,🇳🇱,Europe,EUR,0.716958,32,#F97316,"World Bank PA.NUS.FCRF, annual average official exchange rate"
2009,Portugal,PRT,🇵🇹,Europe,EUR,0.716958,33,#16A34A,"World Bank PA.NUS.FCRF, annual average official exchange rate"
2009,Slovak Republic,SVK,🇸🇰,Europe,EUR,0.716958,34,#2563EB,"World Bank PA.NUS.FCRF, annual average official exchange rate"
2009,Slovenia,SVN,🇸🇮,Europe,EUR,0.716958,35,#65A30D,"World Bank PA.NUS.FCRF, annual average official exchange rate"
2009,Spain,ESP,🇪🇸,Europe,EUR,0.716958,36,#FBBF24,"World Bank PA.NUS.FCRF, annual average official exchange rate"
2009,United Kingdom,GBR,🇬🇧,Europe,GBP,0.641919,37,#818CF8,"World Bank PA.NUS.FCRF, annual average official exchange rate"
2009,Latvia,LVA,🇱🇻,Europe,LVL,0.505550,38,#DC2626,"World Bank PA.NUS.FCRF, annual average official exchange rate"
2010,Colombia,COL,🇨🇴,Americas,COP,1899.00,1,#FACC15,"World Bank PA.NUS.FCRF, annual average official exchange rate"
2010,South Korea,KOR,🇰🇷,Asia,KRW,1156.46,2,#38BDF8,"World Bank PA.NUS.FCRF, annual average official exchange rate"
2010,Costa Rica,CRI,🇨🇷,Americas,CRC,525.8292,3,#22C55E,"World Bank PA.NUS.FCRF, annual average official exchange rate"
2010,Chile,CHL,🇨🇱,Americas,CLP,510.2492,4,#EF4444,"World Bank PA.NUS.FCRF, annual average official exchange rate"
2010,Hungary,HUN,🇭🇺,Europe,HUF,207.9442,5,#EC4899,"World Bank PA.NUS.FCRF, annual average official exchange rate"
2010,Iceland,ISL,🇮🇸,Europe,ISK,122.2418,6,#0EA5E9,"World Bank PA.NUS.FCRF, annual average official exchange rate"
2010,Japan,JPN,🇯🇵,Asia,JPY,87.7799,7,#FB7185,"World Bank PA.NUS.FCRF, annual average official exchange rate"
2010,Czechia,CZE,🇨🇿,Europe,CZK,19.0983,8,#818CF8,"World Bank PA.NUS.FCRF, annual average official exchange rate"
2010,Mexico,MEX,🇲🇽,Americas,MXN,12.6360,9,#2DD4BF,"World Bank PA.NUS.FCRF, annual average official exchange rate"
2010,Estonia,EST,🇪🇪,Europe,EEK,11.8068,10,#A855F7,"World Bank PA.NUS.FCRF, annual average official exchange rate"
2010,Sweden,SWE,🇸🇪,Europe,SEK,7.207524,11,#FDE047,"World Bank PA.NUS.FCRF, annual average official exchange rate"
2010,Norway,NOR,🇳🇴,Europe,NOK,6.044167,12,#F87171,"World Bank PA.NUS.FCRF, annual average official exchange rate"
2010,Denmark,DNK,🇩🇰,Europe,DKK,5.624075,13,#14B8A6,"World Bank PA.NUS.FCRF, annual average official exchange rate"
2010,Israel,ISR,🇮🇱,Middle East,ILS,3.738975,14,#6366F1,"World Bank PA.NUS.FCRF, annual average official exchange rate"
2010,Poland,POL,🇵🇱,Europe,PLN,3.015300,15,#E11D48,"World Bank PA.NUS.FCRF, annual average official exchange rate"
2010,Lithuania,LTU,🇱🇹,Europe,LTL,2.606333,16,#F59E0B,"World Bank PA.NUS.FCRF, annual average official exchange rate"
2010,Turkiye,TUR,🇹🇷,Europe/Asia,TRY,1.502849,17,#A855F7,"World Bank PA.NUS.FCRF, annual average official exchange rate"
2010,New Zealand,NZL,🇳🇿,Oceania,NZD,1.387834,18,#7DD3FC,"World Bank PA.NUS.FCRF, annual average official exchange rate"
2010,Australia,AUS,🇦🇺,Oceania,AUD,1.090159,19,#38BDF8,"World Bank PA.NUS.FCRF, annual average official exchange rate"
2010,Switzerland,CHE,🇨🇭,Europe,CHF,1.042906,20,#F87171,"World Bank PA.NUS.FCRF, annual average official exchange rate"
2010,Canada,CAN,🇨🇦,Americas,CAD,1.030113,21,#60A5FA,"World Bank PA.NUS.FCRF, annual average official exchange rate"
2010,United States,USA,🇺🇸,Americas,USD,1.000000,22,#22D3EE,"World Bank PA.NUS.FCRF, annual average official exchange rate"
2010,Austria,AUT,🇦🇹,Europe,EUR,0.754309,23,#F43F5E,"World Bank PA.NUS.FCRF, annual average official exchange rate"
2010,Belgium,BEL,🇧🇪,Europe,EUR,0.754309,24,#F97316,"World Bank PA.NUS.FCRF, annual average official exchange rate"
2010,Finland,FIN,🇫🇮,Europe,EUR,0.754309,25,#84CC16,"World Bank PA.NUS.FCRF, annual average official exchange rate"
2010,France,FRA,🇫🇷,Europe,EUR,0.754309,26,#3B82F6,"World Bank PA.NUS.FCRF, annual average official exchange rate"
2010,Germany,DEU,🇩🇪,Europe,EUR,0.754309,27,#EAB308,"World Bank PA.NUS.FCRF, annual average official exchange rate"
2010,Greece,GRC,🇬🇷,Europe,EUR,0.754309,28,#06B6D4,"World Bank PA.NUS.FCRF, annual average official exchange rate"
2010,Ireland,IRL,🇮🇪,Europe,EUR,0.754309,29,#10B981,"World Bank PA.NUS.FCRF, annual average official exchange rate"
2010,Italy,ITA,🇮🇹,Europe,EUR,0.754309,30,#22C55E,"World Bank PA.NUS.FCRF, annual average official exchange rate"
2010,Luxembourg,LUX,🇱🇺,Europe,EUR,0.754309,31,#A3E635,"World Bank PA.NUS.FCRF, annual average official exchange rate"
2010,Netherlands,NLD,🇳🇱,Europe,EUR,0.754309,32,#F97316,"World Bank PA.NUS.FCRF, annual average official exchange rate"
2010,Portugal,PRT,🇵🇹,Europe,EUR,0.754309,33,#16A34A,"World Bank PA.NUS.FCRF, annual average official exchange rate"
2010,Slovak Republic,SVK,🇸🇰,Europe,EUR,0.754309,34,#2563EB,"World Bank PA.NUS.FCRF, annual average official exchange rate"
2010,Slovenia,SVN,🇸🇮,Europe,EUR,0.754309,35,#65A30D,"World Bank PA.NUS.FCRF, annual average official exchange rate"
2010,Spain,ESP,🇪🇸,Europe,EUR,0.754309,36,#FBBF24,"World Bank PA.NUS.FCRF, annual average official exchange rate"
2010,United Kingdom,GBR,🇬🇧,Europe,GBP,0.647179,37,#818CF8,"World Bank PA.NUS.FCRF, annual average official exchange rate"
2010,Latvia,LVA,🇱🇻,Europe,LVL,0.530475,38,#DC2626,"World Bank PA.NUS.FCRF, annual average official exchange rate"
2011,Colombia,COL,🇨🇴,Americas,COP,1848.02,1,#FACC15,"World Bank PA.NUS.FCRF, annual average official exchange rate"
2011,South Korea,KOR,🇰🇷,Asia,KRW,1108.23,2,#38BDF8,"World Bank PA.NUS.FCRF, annual average official exchange rate"
2011,Costa Rica,CRI,🇨🇷,Americas,CRC,505.6642,3,#22C55E,"World Bank PA.NUS.FCRF, annual average official exchange rate"
2011,Chile,CHL,🇨🇱,Americas,CLP,483.6675,4,#EF4444,"World Bank PA.NUS.FCRF, annual average official exchange rate"
2011,Hungary,HUN,🇭🇺,Europe,HUF,201.0550,5,#EC4899,"World Bank PA.NUS.FCRF, annual average official exchange rate"
2011,Iceland,ISL,🇮🇸,Europe,ISK,115.9540,6,#0EA5E9,"World Bank PA.NUS.FCRF, annual average official exchange rate"
2011,Japan,JPN,🇯🇵,Asia,JPY,79.8070,7,#FB7185,"World Bank PA.NUS.FCRF, annual average official exchange rate"
2011,Czechia,CZE,🇨🇿,Europe,CZK,17.6959,8,#818CF8,"World Bank PA.NUS.FCRF, annual average official exchange rate"
2011,Mexico,MEX,🇲🇽,Americas,MXN,12.4233,9,#2DD4BF,"World Bank PA.NUS.FCRF, annual average official exchange rate"
2011,Sweden,SWE,🇸🇪,Europe,SEK,6.493543,10,#FDE047,"World Bank PA.NUS.FCRF, annual average official exchange rate"
2011,Norway,NOR,🇳🇴,Europe,NOK,5.604607,11,#F87171,"World Bank PA.NUS.FCRF, annual average official exchange rate"
2011,Denmark,DNK,🇩🇰,Europe,DKK,5.368712,12,#14B8A6,"World Bank PA.NUS.FCRF, annual average official exchange rate"
2011,Israel,ISR,🇮🇱,Middle East,ILS,3.578129,13,#6366F1,"World Bank PA.NUS.FCRF, annual average official exchange rate"
2011,Poland,POL,🇵🇱,Europe,PLN,2.962848,14,#E11D48,"World Bank PA.NUS.FCRF, annual average official exchange rate"
2011,Lithuania,LTU,🇱🇹,Europe,LTL,2.481100,15,#F59E0B,"World Bank PA.NUS.FCRF, annual average official exchange rate"
2011,Turkiye,TUR,🇹🇷,Europe/Asia,TRY,1.674955,16,#A855F7,"World Bank PA.NUS.FCRF, annual average official exchange rate"
2011,New Zealand,NZL,🇳🇿,Oceania,NZD,1.265811,17,#7DD3FC,"World Bank PA.NUS.FCRF, annual average official exchange rate"
2011,United States,USA,🇺🇸,Americas,USD,1.000000,18,#22D3EE,"World Bank PA.NUS.FCRF, annual average official exchange rate"
2011,Canada,CAN,🇨🇦,Americas,CAD,0.989258,19,#60A5FA,"World Bank PA.NUS.FCRF, annual average official exchange rate"
2011,Australia,AUS,🇦🇺,Oceania,AUD,0.969463,20,#38BDF8,"World Bank PA.NUS.FCRF, annual average official exchange rate"
2011,Switzerland,CHE,🇨🇭,Europe,CHF,0.888042,21,#F87171,"World Bank PA.NUS.FCRF, annual average official exchange rate"
2011,Austria,AUT,🇦🇹,Europe,EUR,0.718414,22,#F43F5E,"World Bank PA.NUS.FCRF, annual average official exchange rate"
2011,Belgium,BEL,🇧🇪,Europe,EUR,0.718414,23,#F97316,"World Bank PA.NUS.FCRF, annual average official exchange rate"
2011,Estonia,EST,🇪🇪,Europe,EUR,0.718414,24,#A855F7,"World Bank PA.NUS.FCRF, annual average official exchange rate"
2011,Finland,FIN,🇫🇮,Europe,EUR,0.718414,25,#84CC16,"World Bank PA.NUS.FCRF, annual average official exchange rate"
2011,France,FRA,🇫🇷,Europe,EUR,0.718414,26,#3B82F6,"World Bank PA.NUS.FCRF, annual average official exchange rate"
2011,Germany,DEU,🇩🇪,Europe,EUR,0.718414,27,#EAB308,"World Bank PA.NUS.FCRF, annual average official exchange rate"
2011,Greece,GRC,🇬🇷,Europe,EUR,0.718414,28,#06B6D4,"World Bank PA.NUS.FCRF, annual average official exchange rate"
2011,Ireland,IRL,🇮🇪,Europe,EUR,0.718414,29,#10B981,"World Bank PA.NUS.FCRF, annual average official exchange rate"
2011,Italy,ITA,🇮🇹,Europe,EUR,0.718414,30,#22C55E,"World Bank PA.NUS.FCRF, annual average official exchange rate"
2011,Luxembourg,LUX,🇱🇺,Europe,EUR,0.718414,31,#A3E635,"World Bank PA.NUS.FCRF, annual average official exchange rate"
2011,Netherlands,NLD,🇳🇱,Europe,EUR,0.718414,32,#F97316,"World Bank PA.NUS.FCRF, annual average official exchange rate"
2011,Portugal,PRT,🇵🇹,Europe,EUR,0.718414,33,#16A34A,"World Bank PA.NUS.FCRF, annual average official exchange rate"
2011,Slovak Republic,SVK,🇸🇰,Europe,EUR,0.718414,34,#2563EB,"World Bank PA.NUS.FCRF, annual average official exchange rate"
2011,Slovenia,SVN,🇸🇮,Europe,EUR,0.718414,35,#65A30D,"World Bank PA.NUS.FCRF, annual average official exchange rate"
2011,Spain,ESP,🇪🇸,Europe,EUR,0.718414,36,#FBBF24,"World Bank PA.NUS.FCRF, annual average official exchange rate"
2011,United Kingdom,GBR,🇬🇧,Europe,GBP,0.624141,37,#818CF8,"World Bank PA.NUS.FCRF, annual average official exchange rate"
2011,Latvia,LVA,🇱🇻,Europe,LVL,0.501233,38,#DC2626,"World Bank PA.NUS.FCRF, annual average official exchange rate"
2012,Colombia,COL,🇨🇴,Americas,COP,1798.01,1,#FACC15,"World Bank PA.NUS.FCRF, annual average official exchange rate"
2012,South Korea,KOR,🇰🇷,Asia,KRW,1126.81,2,#38BDF8,"World Bank PA.NUS.FCRF, annual average official exchange rate"
2012,Costa Rica,CRI,🇨🇷,Americas,CRC,502.9015,3,#22C55E,"World Bank PA.NUS.FCRF, annual average official exchange rate"
2012,Chile,CHL,🇨🇱,Americas,CLP,486.4713,4,#EF4444,"World Bank PA.NUS.FCRF, annual average official exchange rate"
2012,Hungary,HUN,🇭🇺,Europe,HUF,225.1042,5,#EC4899,"World Bank PA.NUS.FCRF, annual average official exchange rate"
2012,Iceland,ISL,🇮🇸,Europe,ISK,125.0828,6,#0EA5E9,"World Bank PA.NUS.FCRF, annual average official exchange rate"
2012,Japan,JPN,🇯🇵,Asia,JPY,79.7905,7,#FB7185,"World Bank PA.NUS.FCRF, annual average official exchange rate"
2012,Czechia,CZE,🇨🇿,Europe,CZK,19.5775,8,#818CF8,"World Bank PA.NUS.FCRF, annual average official exchange rate"
2012,Mexico,MEX,🇲🇽,Americas,MXN,13.1695,9,#2DD4BF,"World Bank PA.NUS.FCRF, annual average official exchange rate"
2012,Sweden,SWE,🇸🇪,Europe,SEK,6.775016,10,#FDE047,"World Bank PA.NUS.FCRF, annual average official exchange rate"
2012,Norway,NOR,🇳🇴,Europe,NOK,5.817500,11,#F87171,"World Bank PA.NUS.FCRF, annual average official exchange rate"
2012,Denmark,DNK,🇩🇰,Europe,DKK,5.792476,12,#14B8A6,"World Bank PA.NUS.FCRF, annual average official exchange rate"
2012,Israel,ISR,🇮🇱,Middle East,ILS,3.855922,13,#6366F1,"World Bank PA.NUS.FCRF, annual average official exchange rate"
2012,Poland,POL,🇵🇱,Europe,PLN,3.256542,14,#E11D48,"World Bank PA.NUS.FCRF, annual average official exchange rate"
2012,Lithuania,LTU,🇱🇹,Europe,LTL,2.686292,15,#F59E0B,"World Bank PA.NUS.FCRF, annual average official exchange rate"
2012,Turkiye,TUR,🇹🇷,Europe/Asia,TRY,1.796001,16,#A855F7,"World Bank PA.NUS.FCRF, annual average official exchange rate"
2012,New Zealand,NZL,🇳🇿,Oceania,NZD,1.234284,17,#7DD3FC,"World Bank PA.NUS.FCRF, annual average official exchange rate"
2012,United States,USA,🇺🇸,Americas,USD,1.000000,18,#22D3EE,"World Bank PA.NUS.FCRF, annual average official exchange rate"
2012,Canada,CAN,🇨🇦,Americas,CAD,0.999365,19,#60A5FA,"World Bank PA.NUS.FCRF, annual average official exchange rate"
2012,Australia,AUS,🇦🇺,Oceania,AUD,0.965801,20,#38BDF8,"World Bank PA.NUS.FCRF, annual average official exchange rate"
2012,Switzerland,CHE,🇨🇭,Europe,CHF,0.937684,21,#F87171,"World Bank PA.NUS.FCRF, annual average official exchange rate"
2012,Austria,AUT,🇦🇹,Europe,EUR,0.778338,22,#F43F5E,"World Bank PA.NUS.FCRF, annual average official exchange rate"
2012,Belgium,BEL,🇧🇪,Europe,EUR,0.778338,23,#F97316,"World Bank PA.NUS.FCRF, annual average official exchange rate"
2012,Estonia,EST,🇪🇪,Europe,EUR,0.778338,24,#A855F7,"World Bank PA.NUS.FCRF, annual average official exchange rate"
2012,Finland,FIN,🇫🇮,Europe,EUR,0.778338,25,#84CC16,"World Bank PA.NUS.FCRF, annual average official exchange rate"
2012,France,FRA,🇫🇷,Europe,EUR,0.778338,26,#3B82F6,"World Bank PA.NUS.FCRF, annual average official exchange rate"
2012,Germany,DEU,🇩🇪,Europe,EUR,0.778338,27,#EAB308,"World Bank PA.NUS.FCRF, annual average official exchange rate"
2012,Greece,GRC,🇬🇷,Europe,EUR,0.778338,28,#06B6D4,"World Bank PA.NUS.FCRF, annual average official exchange rate"
2012,Ireland,IRL,🇮🇪,Europe,EUR,0.778338,29,#10B981,"World Bank PA.NUS.FCRF, annual average official exchange rate"
2012,Italy,ITA,🇮🇹,Europe,EUR,0.778338,30,#22C55E,"World Bank PA.NUS.FCRF, annual average official exchange rate"
2012,Luxembourg,LUX,🇱🇺,Europe,EUR,0.778338,31,#A3E635,"World Bank PA.NUS.FCRF, annual average official exchange rate"
2012,Netherlands,NLD,🇳🇱,Europe,EUR,0.778338,32,#F97316,"World Bank PA.NUS.FCRF, annual average official exchange rate"
2012,Portugal,PRT,🇵🇹,Europe,EUR,0.778338,33,#16A34A,"World Bank PA.NUS.FCRF, annual average official exchange rate"
2012,Slovak Republic,SVK,🇸🇰,Europe,EUR,0.778338,34,#2563EB,"World Bank PA.NUS.FCRF, annual average official exchange rate"
2012,Slovenia,SVN,🇸🇮,Europe,EUR,0.778338,35,#65A30D,"World Bank PA.NUS.FCRF, annual average official exchange rate"
2012,Spain,ESP,🇪🇸,Europe,EUR,0.778338,36,#FBBF24,"World Bank PA.NUS.FCRF, annual average official exchange rate"
2012,United Kingdom,GBR,🇬🇧,Europe,GBP,0.633047,37,#818CF8,"World Bank PA.NUS.FCRF, annual average official exchange rate"
2012,Latvia,LVA,🇱🇻,Europe,LVL,0.546875,38,#DC2626,"World Bank PA.NUS.FCRF, annual average official exchange rate"
2013,Colombia,COL,🇨🇴,Americas,COP,1868.89,1,#FACC15,"World Bank PA.NUS.FCRF, annual average official exchange rate"
2013,South Korea,KOR,🇰🇷,Asia,KRW,1094.98,2,#38BDF8,"World Bank PA.NUS.FCRF, annual average official exchange rate"
2013,Costa Rica,CRI,🇨🇷,Americas,CRC,499.7668,3,#22C55E,"World Bank PA.NUS.FCRF, annual average official exchange rate"
2013,Chile,CHL,🇨🇱,Americas,CLP,495.2729,4,#EF4444,"World Bank PA.NUS.FCRF, annual average official exchange rate"
2013,Hungary,HUN,🇭🇺,Europe,HUF,223.6950,5,#EC4899,"World Bank PA.NUS.FCRF, annual average official exchange rate"
2013,Iceland,ISL,🇮🇸,Europe,ISK,122.1791,6,#0EA5E9,"World Bank PA.NUS.FCRF, annual average official exchange rate"
2013,Japan,JPN,🇯🇵,Asia,JPY,97.5957,7,#FB7185,"World Bank PA.NUS.FCRF, annual average official exchange rate"
2013,Czechia,CZE,🇨🇿,Europe,CZK,19.5706,8,#818CF8,"World Bank PA.NUS.FCRF, annual average official exchange rate"
2013,Mexico,MEX,🇲🇽,Americas,MXN,12.7720,9,#2DD4BF,"World Bank PA.NUS.FCRF, annual average official exchange rate"
2013,Sweden,SWE,🇸🇪,Europe,SEK,6.513972,10,#FDE047,"World Bank PA.NUS.FCRF, annual average official exchange rate"
2013,Norway,NOR,🇳🇴,Europe,NOK,5.875000,11,#F87171,"World Bank PA.NUS.FCRF, annual average official exchange rate"
2013,Denmark,DNK,🇩🇰,Europe,DKK,5.616312,12,#14B8A6,"World Bank PA.NUS.FCRF, annual average official exchange rate"
2013,Israel,ISR,🇮🇱,Middle East,ILS,3.610758,13,#6366F1,"World Bank PA.NUS.FCRF, annual average official exchange rate"
2013,Poland,POL,🇵🇱,Europe,PLN,3.160617,14,#E11D48,"World Bank PA.NUS.FCRF, annual average official exchange rate"
2013,Lithuania,LTU,🇱🇹,Europe,LTL,2.601008,15,#F59E0B,"World Bank PA.NUS.FCRF, annual average official exchange rate"
2013,Turkiye,TUR,🇹🇷,Europe/Asia,TRY,1.903768,16,#A855F7,"World Bank PA.NUS.FCRF, annual average official exchange rate"
2013,New Zealand,NZL,🇳🇿,Oceania,NZD,1.219408,17,#7DD3FC,"World Bank PA.NUS.FCRF, annual average official exchange rate"
2013,Australia,AUS,🇦🇺,Oceania,AUD,1.035843,18,#38BDF8,"World Bank PA.NUS.FCRF, annual average official exchange rate"
2013,Canada,CAN,🇨🇦,Americas,CAD,1.030137,19,#60A5FA,"World Bank PA.NUS.FCRF, annual average official exchange rate"
2013,United States,USA,🇺🇸,Americas,USD,1.000000,20,#22D3EE,"World Bank PA.NUS.FCRF, annual average official exchange rate"
2013,Switzerland,CHE,🇨🇭,Europe,CHF,0.926904,21,#F87171,"World Bank PA.NUS.FCRF, annual average official exchange rate"
2013,Austria,AUT,🇦🇹,Europe,EUR,0.752945,22,#F43F5E,"World Bank PA.NUS.FCRF, annual average official exchange rate"
2013,Belgium,BEL,🇧🇪,Europe,EUR,0.752945,23,#F97316,"World Bank PA.NUS.FCRF, annual average official exchange rate"
2013,Estonia,EST,🇪🇪,Europe,EUR,0.752945,24,#A855F7,"World Bank PA.NUS.FCRF, annual average official exchange rate"
2013,Finland,FIN,🇫🇮,Europe,EUR,0.752945,25,#84CC16,"World Bank PA.NUS.FCRF, annual average official exchange rate"
2013,France,FRA,🇫🇷,Europe,EUR,0.752945,26,#3B82F6,"World Bank PA.NUS.FCRF, annual average official exchange rate"
2013,Germany,DEU,🇩🇪,Europe,EUR,0.752945,27,#EAB308,"World Bank PA.NUS.FCRF, annual average official exchange rate"
2013,Greece,GRC,🇬🇷,Europe,EUR,0.752945,28,#06B6D4,"World Bank PA.NUS.FCRF, annual average official exchange rate"
2013,Ireland,IRL,🇮🇪,Europe,EUR,0.752945,29,#10B981,"World Bank PA.NUS.FCRF, annual average official exchange rate"
2013,Italy,ITA,🇮🇹,Europe,EUR,0.752945,30,#22C55E,"World Bank PA.NUS.FCRF, annual average official exchange rate"
2013,Luxembourg,LUX,🇱🇺,Europe,EUR,0.752945,31,#A3E635,"World Bank PA.NUS.FCRF, annual average official exchange rate"
2013,Netherlands,NLD,🇳🇱,Europe,EUR,0.752945,32,#F97316,"World Bank PA.NUS.FCRF, annual average official exchange rate"
2013,Portugal,PRT,🇵🇹,Europe,EUR,0.752945,33,#16A34A,"World Bank PA.NUS.FCRF, annual average official exchange rate"
2013,Slovak Republic,SVK,🇸🇰,Europe,EUR,0.752945,34,#2563EB,"World Bank PA.NUS.FCRF, annual average official exchange rate"
2013,Slovenia,SVN,🇸🇮,Europe,EUR,0.752945,35,#65A30D,"World Bank PA.NUS.FCRF, annual average official exchange rate"
2013,Spain,ESP,🇪🇸,Europe,EUR,0.752945,36,#FBBF24,"World Bank PA.NUS.FCRF, annual average official exchange rate"
2013,United Kingdom,GBR,🇬🇧,Europe,GBP,0.639661,37,#818CF8,"World Bank PA.NUS.FCRF, annual average official exchange rate"
2013,Latvia,LVA,🇱🇻,Europe,LVL,0.529392,38,#DC2626,"World Bank PA.NUS.FCRF, annual average official exchange rate"
2014,Colombia,COL,🇨🇴,Americas,COP,2001.11,1,#FACC15,"World Bank PA.NUS.FCRF, annual average official exchange rate"
2014,South Korea,KOR,🇰🇷,Asia,KRW,1052.84,2,#38BDF8,"World Bank PA.NUS.FCRF, annual average official exchange rate"
2014,Chile,CHL,🇨🇱,Americas,CLP,570.3482,3,#EF4444,"World Bank PA.NUS.FCRF, annual average official exchange rate"
2014,Costa Rica,CRI,🇨🇷,Americas,CRC,538.3172,4,#22C55E,"World Bank PA.NUS.FCRF, annual average official exchange rate"
2014,Hungary,HUN,🇭🇺,Europe,HUF,232.6017,5,#EC4899,"World Bank PA.NUS.FCRF, annual average official exchange rate"
2014,Iceland,ISL,🇮🇸,Europe,ISK,116.7674,6,#0EA5E9,"World Bank PA.NUS.FCRF, annual average official exchange rate"
2014,Japan,JPN,🇯🇵,Asia,JPY,105.9448,7,#FB7185,"World Bank PA.NUS.FCRF, annual average official exchange rate"
2014,Czechia,CZE,🇨🇿,Europe,CZK,20.7575,8,#818CF8,"World Bank PA.NUS.FCRF, annual average official exchange rate"
2014,Mexico,MEX,🇲🇽,Americas,MXN,13.2925,9,#2DD4BF,"World Bank PA.NUS.FCRF, annual average official exchange rate"
2014,Sweden,SWE,🇸🇪,Europe,SEK,6.860785,10,#FDE047,"World Bank PA.NUS.FCRF, annual average official exchange rate"
2014,Norway,NOR,🇳🇴,Europe,NOK,6.301667,11,#F87171,"World Bank PA.NUS.FCRF, annual average official exchange rate"
2014,Denmark,DNK,🇩🇰,Europe,DKK,5.612467,12,#14B8A6,"World Bank PA.NUS.FCRF, annual average official exchange rate"
2014,Israel,ISR,🇮🇱,Middle East,ILS,3.577925,13,#6366F1,"World Bank PA.NUS.FCRF, annual average official exchange rate"
2014,Poland,POL,🇵🇱,Europe,PLN,3.154542,14,#E11D48,"World Bank PA.NUS.FCRF, annual average official exchange rate"
2014,Lithuania,LTU,🇱🇹,Europe,LTL,2.600292,15,#F59E0B,"World Bank PA.NUS.FCRF, annual average official exchange rate"
2014,Turkiye,TUR,🇹🇷,Europe/Asia,TRY,2.188542,16,#A855F7,"World Bank PA.NUS.FCRF, annual average official exchange rate"
2014,New Zealand,NZL,🇳🇿,Oceania,NZD,1.205433,17,#7DD3FC,"World Bank PA.NUS.FCRF, annual average official exchange rate"
2014,Australia,AUS,🇦🇺,Oceania,AUD,1.109363,18,#38BDF8,"World Bank PA.NUS.FCRF, annual average official exchange rate"
2014,Canada,CAN,🇨🇦,Americas,CAD,1.104747,19,#60A5FA,"World Bank PA.NUS.FCRF, annual average official exchange rate"
2014,United States,USA,🇺🇸,Americas,USD,1.000000,20,#22D3EE,"World Bank PA.NUS.FCRF, annual average official exchange rate"
2014,Switzerland,CHE,🇨🇭,Europe,CHF,0.916151,21,#F87171,"World Bank PA.NUS.FCRF, annual average official exchange rate"
2014,Austria,AUT,🇦🇹,Europe,EUR,0.752728,22,#F43F5E,"World Bank PA.NUS.FCRF, annual average official exchange rate"
2014,Belgium,BEL,🇧🇪,Europe,EUR,0.752728,23,#F97316,"World Bank PA.NUS.FCRF, annual average official exchange rate"
2014,Estonia,EST,🇪🇪,Europe,EUR,0.752728,24,#A855F7,"World Bank PA.NUS.FCRF, annual average official exchange rate"
2014,Finland,FIN,🇫🇮,Europe,EUR,0.752728,25,#84CC16,"World Bank PA.NUS.FCRF, annual average official exchange rate"
2014,France,FRA,🇫🇷,Europe,EUR,0.752728,26,#3B82F6,"World Bank PA.NUS.FCRF, annual average official exchange rate"
2014,Germany,DEU,🇩🇪,Europe,EUR,0.752728,27,#EAB308,"World Bank PA.NUS.FCRF, annual average official exchange rate"
2014,Greece,GRC,🇬🇷,Europe,EUR,0.752728,28,#06B6D4,"World Bank PA.NUS.FCRF, annual average official exchange rate"
2014,Ireland,IRL,🇮🇪,Europe,EUR,0.752728,29,#10B981,"World Bank PA.NUS.FCRF, annual average official exchange rate"
2014,Italy,ITA,🇮🇹,Europe,EUR,0.752728,30,#22C55E,"World Bank PA.NUS.FCRF, annual average official exchange rate"
2014,Latvia,LVA,🇱🇻,Europe,EUR,0.752728,31,#DC2626,"World Bank PA.NUS.FCRF, annual average official exchange rate"
2014,Luxembourg,LUX,🇱🇺,Europe,EUR,0.752728,32,#A3E635,"World Bank PA.NUS.FCRF, annual average official exchange rate"
2014,Netherlands,NLD,🇳🇱,Europe,EUR,0.752728,33,#F97316,"World Bank PA.NUS.FCRF, annual average official exchange rate"
2014,Portugal,PRT,🇵🇹,Europe,EUR,0.752728,34,#16A34A,"World Bank PA.NUS.FCRF, annual average official exchange rate"
2014,Slovak Republic,SVK,🇸🇰,Europe,EUR,0.752728,35,#2563EB,"World Bank PA.NUS.FCRF, annual average official exchange rate"
2014,Slovenia,SVN,🇸🇮,Europe,EUR,0.752728,36,#65A30D,"World Bank PA.NUS.FCRF, annual average official exchange rate"
2014,Spain,ESP,🇪🇸,Europe,EUR,0.752728,37,#FBBF24,"World Bank PA.NUS.FCRF, annual average official exchange rate"
2014,United Kingdom,GBR,🇬🇧,Europe,GBP,0.607730,38,#818CF8,"World Bank PA.NUS.FCRF, annual average official exchange rate"
2015,Colombia,COL,🇨🇴,Americas,COP,2741.78,1,#FACC15,"World Bank PA.NUS.FCRF, annual average official exchange rate"
2015,South Korea,KOR,🇰🇷,Asia,KRW,1130.95,2,#38BDF8,"World Bank PA.NUS.FCRF, annual average official exchange rate"
2015,Chile,CHL,🇨🇱,Americas,CLP,654.1241,3,#EF4444,"World Bank PA.NUS.FCRF, annual average official exchange rate"
2015,Costa Rica,CRI,🇨🇷,Americas,CRC,534.5658,4,#22C55E,"World Bank PA.NUS.FCRF, annual average official exchange rate"
2015,Hungary,HUN,🇭🇺,Europe,HUF,279.3325,5,#EC4899,"World Bank PA.NUS.FCRF, annual average official exchange rate"
2015,Iceland,ISL,🇮🇸,Europe,ISK,131.9187,6,#0EA5E9,"World Bank PA.NUS.FCRF, annual average official exchange rate"
2015,Japan,JPN,🇯🇵,Asia,JPY,121.0440,7,#FB7185,"World Bank PA.NUS.FCRF, annual average official exchange rate"
2015,Czechia,CZE,🇨🇿,Europe,CZK,24.5987,8,#818CF8,"World Bank PA.NUS.FCRF, annual average official exchange rate"
2015,Mexico,MEX,🇲🇽,Americas,MXN,15.8483,9,#2DD4BF,"World Bank PA.NUS.FCRF, annual average official exchange rate"
2015,Sweden,SWE,🇸🇪,Europe,SEK,8.434841,10,#FDE047,"World Bank PA.NUS.FCRF, annual average official exchange rate"
2015,Norway,NOR,🇳🇴,Europe,NOK,8.064167,11,#F87171,"World Bank PA.NUS.FCRF, annual average official exchange rate"
2015,Denmark,DNK,🇩🇰,Europe,DKK,6.727907,12,#14B8A6,"World Bank PA.NUS.FCRF, annual average official exchange rate"
2015,Israel,ISR,🇮🇱,Middle East,ILS,3.886833,13,#6366F1,"World Bank PA.NUS.FCRF, annual average official exchange rate"
2015,Poland,POL,🇵🇱,Europe,PLN,3.769500,14,#E11D48,"World Bank PA.NUS.FCRF, annual average official exchange rate"
2015,Turkiye,TUR,🇹🇷,Europe/Asia,TRY,2.720009,15,#A855F7,"World Bank PA.NUS.FCRF, annual average official exchange rate"
2015,New Zealand,NZL,🇳🇿,Oceania,NZD,1.433975,16,#7DD3FC,"World Bank PA.NUS.FCRF, annual average official exchange rate"
2015,Australia,AUS,🇦🇺,Oceania,AUD,1.331090,17,#38BDF8,"World Bank PA.NUS.FCRF, annual average official exchange rate"
2015,Canada,CAN,🇨🇦,Americas,CAD,1.278786,18,#60A5FA,"World Bank PA.NUS.FCRF, annual average official exchange rate"
2015,United States,USA,🇺🇸,Americas,USD,1.000000,19,#22D3EE,"World Bank PA.NUS.FCRF, annual average official exchange rate"
2015,Switzerland,CHE,🇨🇭,Europe,CHF,0.962381,20,#F87171,"World Bank PA.NUS.FCRF, annual average official exchange rate"
2015,Austria,AUT,🇦🇹,Europe,EUR,0.901296,21,#F43F5E,"World Bank PA.NUS.FCRF, annual average official exchange rate"
2015,Belgium,BEL,🇧🇪,Europe,EUR,0.901296,22,#F97316,"World Bank PA.NUS.FCRF, annual average official exchange rate"
2015,Estonia,EST,🇪🇪,Europe,EUR,0.901296,23,#A855F7,"World Bank PA.NUS.FCRF, annual average official exchange rate"
2015,Finland,FIN,🇫🇮,Europe,EUR,0.901296,24,#84CC16,"World Bank PA.NUS.FCRF, annual average official exchange rate"
2015,France,FRA,🇫🇷,Europe,EUR,0.901296,25,#3B82F6,"World Bank PA.NUS.FCRF, annual average official exchange rate"
2015,Germany,DEU,🇩🇪,Europe,EUR,0.901296,26,#EAB308,"World Bank PA.NUS.FCRF, annual average official exchange rate"
2015,Greece,GRC,🇬🇷,Europe,EUR,0.901296,27,#06B6D4,"World Bank PA.NUS.FCRF, annual average official exchange rate"
2015,Ireland,IRL,🇮🇪,Europe,EUR,0.901296,28,#10B981,"World Bank PA.NUS.FCRF, annual average official exchange rate"
2015,Italy,ITA,🇮🇹,Europe,EUR,0.901296,29,#22C55E,"World Bank PA.NUS.FCRF, annual average official exchange rate"
2015,Latvia,LVA,🇱🇻,Europe,EUR,0.901296,30,#DC2626,"World Bank PA.NUS.FCRF, annual average official exchange rate"
2015,Lithuania,LTU,🇱🇹,Europe,EUR,0.901296,31,#F59E0B,"World Bank PA.NUS.FCRF, annual average official exchange rate"
2015,Luxembourg,LUX,🇱🇺,Europe,EUR,0.901296,32,#A3E635,"World Bank PA.NUS.FCRF, annual average official exchange rate"
2015,Netherlands,NLD,🇳🇱,Europe,EUR,0.901296,33,#F97316,"World Bank PA.NUS.FCRF, annual average official exchange rate"
2015,Portugal,PRT,🇵🇹,Europe,EUR,0.901296,34,#16A34A,"World Bank PA.NUS.FCRF, annual average official exchange rate"
2015,Slovak Republic,SVK,🇸🇰,Europe,EUR,0.901296,35,#2563EB,"World Bank PA.NUS.FCRF, annual average official exchange rate"
2015,Slovenia,SVN,🇸🇮,Europe,EUR,0.901296,36,#65A30D,"World Bank PA.NUS.FCRF, annual average official exchange rate"
2015,Spain,ESP,🇪🇸,Europe,EUR,0.901296,37,#FBBF24,"World Bank PA.NUS.FCRF, annual average official exchange rate"
2015,United Kingdom,GBR,🇬🇧,Europe,GBP,0.654545,38,#818CF8,"World Bank PA.NUS.FCRF, annual average official exchange rate"
2016,Colombia,COL,🇨🇴,Americas,COP,3055.26,1,#FACC15,"World Bank PA.NUS.FCRF, annual average official exchange rate"
2016,South Korea,KOR,🇰🇷,Asia,KRW,1160.77,2,#38BDF8,"World Bank PA.NUS.FCRF, annual average official exchange rate"
2016,Chile,CHL,🇨🇱,Americas,CLP,676.9577,3,#EF4444,"World Bank PA.NUS.FCRF, annual average official exchange rate"
2016,Costa Rica,CRI,🇨🇷,Americas,CRC,544.7394,4,#22C55E,"World Bank PA.NUS.FCRF, annual average official exchange rate"
2016,Hungary,HUN,🇭🇺,Europe,HUF,281.5233,5,#EC4899,"World Bank PA.NUS.FCRF, annual average official exchange rate"
2016,Iceland,ISL,🇮🇸,Europe,ISK,120.8115,6,#0EA5E9,"World Bank PA.NUS.FCRF, annual average official exchange rate"
2016,Japan,JPN,🇯🇵,Asia,JPY,108.7929,7,#FB7185,"World Bank PA.NUS.FCRF, annual average official exchange rate"
2016,Czechia,CZE,🇨🇿,Europe,CZK,24.4399,8,#818CF8,"World Bank PA.NUS.FCRF, annual average official exchange rate"
2016,Mexico,MEX,🇲🇽,Americas,MXN,18.6641,9,#2DD4BF,"World Bank PA.NUS.FCRF, annual average official exchange rate"
2016,Sweden,SWE,🇸🇪,Europe,SEK,8.561992,10,#FDE047,"World Bank PA.NUS.FCRF, annual average official exchange rate"
2016,Norway,NOR,🇳🇴,Europe,NOK,8.400000,11,#F87171,"World Bank PA.NUS.FCRF, annual average official exchange rate"
2016,Denmark,DNK,🇩🇰,Europe,DKK,6.731718,12,#14B8A6,"World Bank PA.NUS.FCRF, annual average official exchange rate"
2016,Poland,POL,🇵🇱,Europe,PLN,3.942783,13,#E11D48,"World Bank PA.NUS.FCRF, annual average official exchange rate"
2016,Israel,ISR,🇮🇱,Middle East,ILS,3.840567,14,#6366F1,"World Bank PA.NUS.FCRF, annual average official exchange rate"
2016,Turkiye,TUR,🇹🇷,Europe/Asia,TRY,3.020135,15,#A855F7,"World Bank PA.NUS.FCRF, annual average official exchange rate"
2016,New Zealand,NZL,🇳🇿,Oceania,NZD,1.436525,16,#7DD3FC,"World Bank PA.NUS.FCRF, annual average official exchange rate"
2016,Australia,AUS,🇦🇺,Oceania,AUD,1.345214,17,#38BDF8,"World Bank PA.NUS.FCRF, annual average official exchange rate"
2016,Canada,CAN,🇨🇦,Americas,CAD,1.325615,18,#60A5FA,"World Bank PA.NUS.FCRF, annual average official exchange rate"
2016,United States,USA,🇺🇸,Americas,USD,1.000000,19,#22D3EE,"World Bank PA.NUS.FCRF, annual average official exchange rate"
2016,Switzerland,CHE,🇨🇭,Europe,CHF,0.985394,20,#F87171,"World Bank PA.NUS.FCRF, annual average official exchange rate"
2016,Austria,AUT,🇦🇹,Europe,EUR,0.903421,21,#F43F5E,"World Bank PA.NUS.FCRF, annual average official exchange rate"
2016,Belgium,BEL,🇧🇪,Europe,EUR,0.903421,22,#F97316,"World Bank PA.NUS.FCRF, annual average official exchange rate"
2016,Estonia,EST,🇪🇪,Europe,EUR,0.903421,23,#A855F7,"World Bank PA.NUS.FCRF, annual average official exchange rate"
2016,Finland,FIN,🇫🇮,Europe,EUR,0.903421,24,#84CC16,"World Bank PA.NUS.FCRF, annual average official exchange rate"
2016,France,FRA,🇫🇷,Europe,EUR,0.903421,25,#3B82F6,"World Bank PA.NUS.FCRF, annual average official exchange rate"
2016,Germany,DEU,🇩🇪,Europe,EUR,0.903421,26,#EAB308,"World Bank PA.NUS.FCRF, annual average official exchange rate"
2016,Greece,GRC,🇬🇷,Europe,EUR,0.903421,27,#06B6D4,"World Bank PA.NUS.FCRF, annual average official exchange rate"
2016,Ireland,IRL,🇮🇪,Europe,EUR,0.903421,28,#10B981,"World Bank PA.NUS.FCRF, annual average official exchange rate"
2016,Italy,ITA,🇮🇹,Europe,EUR,0.903421,29,#22C55E,"World Bank PA.NUS.FCRF, annual average official exchange rate"
2016,Latvia,LVA,🇱🇻,Europe,EUR,0.903421,30,#DC2626,"World Bank PA.NUS.FCRF, annual average official exchange rate"
2016,Lithuania,LTU,🇱🇹,Europe,EUR,0.903421,31,#F59E0B,"World Bank PA.NUS.FCRF, annual average official exchange rate"
2016,Luxembourg,LUX,🇱🇺,Europe,EUR,0.903421,32,#A3E635,"World Bank PA.NUS.FCRF, annual average official exchange rate"
2016,Netherlands,NLD,🇳🇱,Europe,EUR,0.903421,33,#F97316,"World Bank PA.NUS.FCRF, annual average official exchange rate"
2016,Portugal,PRT,🇵🇹,Europe,EUR,0.903421,34,#16A34A,"World Bank PA.NUS.FCRF, annual average official exchange rate"
2016,Slovak Republic,SVK,🇸🇰,Europe,EUR,0.903421,35,#2563EB,"World Bank PA.NUS.FCRF, annual average official exchange rate"
2016,Slovenia,SVN,🇸🇮,Europe,EUR,0.903421,36,#65A30D,"World Bank PA.NUS.FCRF, annual average official exchange rate"
2016,Spain,ESP,🇪🇸,Europe,EUR,0.903421,37,#FBBF24,"World Bank PA.NUS.FCRF, annual average official exchange rate"
2016,United Kingdom,GBR,🇬🇧,Europe,GBP,0.740634,38,#818CF8,"World Bank PA.NUS.FCRF, annual average official exchange rate"
2017,Colombia,COL,🇨🇴,Americas,COP,2951.49,1,#FACC15,"World Bank PA.NUS.FCRF, annual average official exchange rate"
2017,South Korea,KOR,🇰🇷,Asia,KRW,1131.00,2,#38BDF8,"World Bank PA.NUS.FCRF, annual average official exchange rate"
2017,Chile,CHL,🇨🇱,Americas,CLP,648.8338,3,#EF4444,"World Bank PA.NUS.FCRF, annual average official exchange rate"
2017,Costa Rica,CRI,🇨🇷,Americas,CRC,567.5131,4,#22C55E,"World Bank PA.NUS.FCRF, annual average official exchange rate"
2017,Hungary,HUN,🇭🇺,Europe,HUF,274.4333,5,#EC4899,"World Bank PA.NUS.FCRF, annual average official exchange rate"
2017,Japan,JPN,🇯🇵,Asia,JPY,112.1661,6,#FB7185,"World Bank PA.NUS.FCRF, annual average official exchange rate"
2017,Iceland,ISL,🇮🇸,Europe,ISK,106.8396,7,#0EA5E9,"World Bank PA.NUS.FCRF, annual average official exchange rate"
2017,Czechia,CZE,🇨🇿,Europe,CZK,23.3763,8,#818CF8,"World Bank PA.NUS.FCRF, annual average official exchange rate"
2017,Mexico,MEX,🇲🇽,Americas,MXN,18.9265,9,#2DD4BF,"World Bank PA.NUS.FCRF, annual average official exchange rate"
2017,Sweden,SWE,🇸🇪,Europe,SEK,8.548861,10,#FDE047,"World Bank PA.NUS.FCRF, annual average official exchange rate"
2017,Norway,NOR,🇳🇴,Europe,NOK,8.271667,11,#F87171,"World Bank PA.NUS.FCRF, annual average official exchange rate"
2017,Denmark,DNK,🇩🇰,Europe,DKK,6.602893,12,#14B8A6,"World Bank PA.NUS.FCRF, annual average official exchange rate"
2017,Poland,POL,🇵🇱,Europe,PLN,3.779333,13,#E11D48,"World Bank PA.NUS.FCRF, annual average official exchange rate"
2017,Turkiye,TUR,🇹🇷,Europe/Asia,TRY,3.648133,14,#A855F7,"World Bank PA.NUS.FCRF, annual average official exchange rate"
2017,Israel,ISR,🇮🇱,Middle East,ILS,3.599556,15,#6366F1,"World Bank PA.NUS.FCRF, annual average official exchange rate"
2017,New Zealand,NZL,🇳🇿,Oceania,NZD,1.407408,16,#7DD3FC,"World Bank PA.NUS.FCRF, annual average official exchange rate"
2017,Australia,AUS,🇦🇺,Oceania,AUD,1.304758,17,#38BDF8,"World Bank PA.NUS.FCRF, annual average official exchange rate"
2017,Canada,CAN,🇨🇦,Americas,CAD,1.297936,18,#60A5FA,"World Bank PA.NUS.FCRF, annual average official exchange rate"
2017,United States,USA,🇺🇸,Americas,USD,1.000000,19,#22D3EE,"World Bank PA.NUS.FCRF, annual average official exchange rate"
2017,Switzerland,CHE,🇨🇭,Europe,CHF,0.984692,20,#F87171,"World Bank PA.NUS.FCRF, annual average official exchange rate"
2017,Austria,AUT,🇦🇹,Europe,EUR,0.885206,21,#F43F5E,"World Bank PA.NUS.FCRF, annual average official exchange rate"
2017,Belgium,BEL,🇧🇪,Europe,EUR,0.885206,22,#F97316,"World Bank PA.NUS.FCRF, annual average official exchange rate"
2017,Estonia,EST,🇪🇪,Europe,EUR,0.885206,23,#A855F7,"World Bank PA.NUS.FCRF, annual average official exchange rate"
2017,Finland,FIN,🇫🇮,Europe,EUR,0.885206,24,#84CC16,"World Bank PA.NUS.FCRF, annual average official exchange rate"
2017,France,FRA,🇫🇷,Europe,EUR,0.885206,25,#3B82F6,"World Bank PA.NUS.FCRF, annual average official exchange rate"
2017,Germany,DEU,🇩🇪,Europe,EUR,0.885206,26,#EAB308,"World Bank PA.NUS.FCRF, annual average official exchange rate"
2017,Greece,GRC,🇬🇷,Europe,EUR,0.885206,27,#06B6D4,"World Bank PA.NUS.FCRF, annual average official exchange rate"
2017,Ireland,IRL,🇮🇪,Europe,EUR,0.885206,28,#10B981,"World Bank PA.NUS.FCRF, annual average official exchange rate"
2017,Italy,ITA,🇮🇹,Europe,EUR,0.885206,29,#22C55E,"World Bank PA.NUS.FCRF, annual average official exchange rate"
2017,Latvia,LVA,🇱🇻,Europe,EUR,0.885206,30,#DC2626,"World Bank PA.NUS.FCRF, annual average official exchange rate"
2017,Lithuania,LTU,🇱🇹,Europe,EUR,0.885206,31,#F59E0B,"World Bank PA.NUS.FCRF, annual average official exchange rate"
2017,Luxembourg,LUX,🇱🇺,Europe,EUR,0.885206,32,#A3E635,"World Bank PA.NUS.FCRF, annual average official exchange rate"
2017,Netherlands,NLD,🇳🇱,Europe,EUR,0.885206,33,#F97316,"World Bank PA.NUS.FCRF, annual average official exchange rate"
2017,Portugal,PRT,🇵🇹,Europe,EUR,0.885206,34,#16A34A,"World Bank PA.NUS.FCRF, annual average official exchange rate"
2017,Slovak Republic,SVK,🇸🇰,Europe,EUR,0.885206,35,#2563EB,"World Bank PA.NUS.FCRF, annual average official exchange rate"
2017,Slovenia,SVN,🇸🇮,Europe,EUR,0.885206,36,#65A30D,"World Bank PA.NUS.FCRF, annual average official exchange rate"
2017,Spain,ESP,🇪🇸,Europe,EUR,0.885206,37,#FBBF24,"World Bank PA.NUS.FCRF, annual average official exchange rate"
2017,United Kingdom,GBR,🇬🇧,Europe,GBP,0.776977,38,#818CF8,"World Bank PA.NUS.FCRF, annual average official exchange rate"
2018,Colombia,COL,🇨🇴,Americas,COP,2955.70,1,#FACC15,"World Bank PA.NUS.FCRF, annual average official exchange rate"
2018,South Korea,KOR,🇰🇷,Asia,KRW,1100.16,2,#38BDF8,"World Bank PA.NUS.FCRF, annual average official exchange rate"
2018,Chile,CHL,🇨🇱,Americas,CLP,641.2768,3,#EF4444,"World Bank PA.NUS.FCRF, annual average official exchange rate"
2018,Costa Rica,CRI,🇨🇷,Americas,CRC,576.9725,4,#22C55E,"World Bank PA.NUS.FCRF, annual average official exchange rate"
2018,Hungary,HUN,🇭🇺,Europe,HUF,270.2117,5,#EC4899,"World Bank PA.NUS.FCRF, annual average official exchange rate"
2018,Japan,JPN,🇯🇵,Asia,JPY,110.4232,6,#FB7185,"World Bank PA.NUS.FCRF, annual average official exchange rate"
2018,Iceland,ISL,🇮🇸,Europe,ISK,108.3002,7,#0EA5E9,"World Bank PA.NUS.FCRF, annual average official exchange rate"
2018,Czechia,CZE,🇨🇿,Europe,CZK,21.7299,8,#818CF8,"World Bank PA.NUS.FCRF, annual average official exchange rate"
2018,Mexico,MEX,🇲🇽,Americas,MXN,19.2443,9,#2DD4BF,"World Bank PA.NUS.FCRF, annual average official exchange rate"
2018,Sweden,SWE,🇸🇪,Europe,SEK,8.692518,10,#FDE047,"World Bank PA.NUS.FCRF, annual average official exchange rate"
2018,Norway,NOR,🇳🇴,Europe,NOK,8.132500,11,#F87171,"World Bank PA.NUS.FCRF, annual average official exchange rate"
2018,Denmark,DNK,🇩🇰,Europe,DKK,6.314619,12,#14B8A6,"World Bank PA.NUS.FCRF, annual average official exchange rate"
2018,Turkiye,TUR,🇹🇷,Europe/Asia,TRY,4.828370,13,#A855F7,"World Bank PA.NUS.FCRF, annual average official exchange rate"
2018,Poland,POL,🇵🇱,Europe,PLN,3.611717,14,#E11D48,"World Bank PA.NUS.FCRF, annual average official exchange rate"
2018,Israel,ISR,🇮🇱,Middle East,ILS,3.590558,15,#6366F1,"World Bank PA.NUS.FCRF, annual average official exchange rate"
2018,New Zealand,NZL,🇳🇿,Oceania,NZD,1.445258,16,#7DD3FC,"World Bank PA.NUS.FCRF, annual average official exchange rate"
2018,Australia,AUS,🇦🇺,Oceania,AUD,1.338412,17,#38BDF8,"World Bank PA.NUS.FCRF, annual average official exchange rate"
2018,Canada,CAN,🇨🇦,Americas,CAD,1.295818,18,#60A5FA,"World Bank PA.NUS.FCRF, annual average official exchange rate"
2018,United States,USA,🇺🇸,Americas,USD,1.000000,19,#22D3EE,"World Bank PA.NUS.FCRF, annual average official exchange rate"
2018,Switzerland,CHE,🇨🇭,Europe,CHF,0.977892,20,#F87171,"World Bank PA.NUS.FCRF, annual average official exchange rate"
2018,Austria,AUT,🇦🇹,Europe,EUR,0.846773,21,#F43F5E,"World Bank PA.NUS.FCRF, annual average official exchange rate"
2018,Belgium,BEL,🇧🇪,Europe,EUR,0.846773,22,#F97316,"World Bank PA.NUS.FCRF, annual average official exchange rate"
2018,Estonia,EST,🇪🇪,Europe,EUR,0.846773,23,#A855F7,"World Bank PA.NUS.FCRF, annual average official exchange rate"
2018,Finland,FIN,🇫🇮,Europe,EUR,0.846773,24,#84CC16,"World Bank PA.NUS.FCRF, annual average official exchange rate"
2018,France,FRA,🇫🇷,Europe,EUR,0.846773,25,#3B82F6,"World Bank PA.NUS.FCRF, annual average official exchange rate"
2018,Germany,DEU,🇩🇪,Europe,EUR,0.846773,26,#EAB308,"World Bank PA.NUS.FCRF, annual average official exchange rate"
2018,Greece,GRC,🇬🇷,Europe,EUR,0.846773,27,#06B6D4,"World Bank PA.NUS.FCRF, annual average official exchange rate"
2018,Ireland,IRL,🇮🇪,Europe,EUR,0.846773,28,#10B981,"World Bank PA.NUS.FCRF, annual average official exchange rate"
2018,Italy,ITA,🇮🇹,Europe,EUR,0.846773,29,#22C55E,"World Bank PA.NUS.FCRF, annual average official exchange rate"
2018,Latvia,LVA,🇱🇻,Europe,EUR,0.846773,30,#DC2626,"World Bank PA.NUS.FCRF, annual average official exchange rate"
2018,Lithuania,LTU,🇱🇹,Europe,EUR,0.846773,31,#F59E0B,"World Bank PA.NUS.FCRF, annual average official exchange rate"
2018,Luxembourg,LUX,🇱🇺,Europe,EUR,0.846773,32,#A3E635,"World Bank PA.NUS.FCRF, annual average official exchange rate"
2018,Netherlands,NLD,🇳🇱,Europe,EUR,0.846773,33,#F97316,"World Bank PA.NUS.FCRF, annual average official exchange rate"
2018,Portugal,PRT,🇵🇹,Europe,EUR,0.846773,34,#16A34A,"World Bank PA.NUS.FCRF, annual average official exchange rate"
2018,Slovak Republic,SVK,🇸🇰,Europe,EUR,0.846773,35,#2563EB,"World Bank PA.NUS.FCRF, annual average official exchange rate"
2018,Slovenia,SVN,🇸🇮,Europe,EUR,0.846773,36,#65A30D,"World Bank PA.NUS.FCRF, annual average official exchange rate"
2018,Spain,ESP,🇪🇸,Europe,EUR,0.846773,37,#FBBF24,"World Bank PA.NUS.FCRF, annual average official exchange rate"
2018,United Kingdom,GBR,🇬🇧,Europe,GBP,0.749532,38,#818CF8,"World Bank PA.NUS.FCRF, annual average official exchange rate"
2019,Colombia,COL,🇨🇴,Americas,COP,3281.62,1,#FACC15,"World Bank PA.NUS.FCRF, annual average official exchange rate"
2019,South Korea,KOR,🇰🇷,Asia,KRW,1165.36,2,#38BDF8,"World Bank PA.NUS.FCRF, annual average official exchange rate"
2019,Chile,CHL,🇨🇱,Americas,CLP,702.8974,3,#EF4444,"World Bank PA.NUS.FCRF, annual average official exchange rate"
2019,Costa Rica,CRI,🇨🇷,Americas,CRC,587.2946,4,#22C55E,"World Bank PA.NUS.FCRF, annual average official exchange rate"
2019,Hungary,HUN,🇭🇺,Europe,HUF,290.6600,5,#EC4899,"World Bank PA.NUS.FCRF, annual average official exchange rate"
2019,Iceland,ISL,🇮🇸,Europe,ISK,122.6068,6,#0EA5E9,"World Bank PA.NUS.FCRF, annual average official exchange rate"
2019,Japan,JPN,🇯🇵,Asia,JPY,109.0097,7,#FB7185,"World Bank PA.NUS.FCRF, annual average official exchange rate"
2019,Czechia,CZE,🇨🇿,Europe,CZK,22.9322,8,#818CF8,"World Bank PA.NUS.FCRF, annual average official exchange rate"
2019,Mexico,MEX,🇲🇽,Americas,MXN,19.2636,9,#2DD4BF,"World Bank PA.NUS.FCRF, annual average official exchange rate"
2019,Sweden,SWE,🇸🇪,Europe,SEK,9.458349,10,#FDE047,"World Bank PA.NUS.FCRF, annual average official exchange rate"
2019,Norway,NOR,🇳🇴,Europe,NOK,8.800000,11,#F87171,"World Bank PA.NUS.FCRF, annual average official exchange rate"
2019,Denmark,DNK,🇩🇰,Europe,DKK,6.669447,12,#14B8A6,"World Bank PA.NUS.FCRF, annual average official exchange rate"
2019,Turkiye,TUR,🇹🇷,Europe/Asia,TRY,5.673819,13,#A855F7,"World Bank PA.NUS.FCRF, annual average official exchange rate"
2019,Poland,POL,🇵🇱,Europe,PLN,3.839375,14,#E11D48,"World Bank PA.NUS.FCRF, annual average official exchange rate"
2019,Israel,ISR,🇮🇱,Middle East,ILS,3.564527,15,#6366F1,"World Bank PA.NUS.FCRF, annual average official exchange rate"
2019,New Zealand,NZL,🇳🇿,Oceania,NZD,1.517875,16,#7DD3FC,"World Bank PA.NUS.FCRF, annual average official exchange rate"
2019,Australia,AUS,🇦🇺,Oceania,AUD,1.438507,17,#38BDF8,"World Bank PA.NUS.FCRF, annual average official exchange rate"
2019,Canada,CAN,🇨🇦,Americas,CAD,1.326793,18,#60A5FA,"World Bank PA.NUS.FCRF, annual average official exchange rate"
2019,United States,USA,🇺🇸,Americas,USD,1.000000,19,#22D3EE,"World Bank PA.NUS.FCRF, annual average official exchange rate"
2019,Switzerland,CHE,🇨🇭,Europe,CHF,0.993709,20,#F87171,"World Bank PA.NUS.FCRF, annual average official exchange rate"
2019,Austria,AUT,🇦🇹,Europe,EUR,0.893276,21,#F43F5E,"World Bank PA.NUS.FCRF, annual average official exchange rate"
2019,Belgium,BEL,🇧🇪,Europe,EUR,0.893276,22,#F97316,"World Bank PA.NUS.FCRF, annual average official exchange rate"
2019,Estonia,EST,🇪🇪,Europe,EUR,0.893276,23,#A855F7,"World Bank PA.NUS.FCRF, annual average official exchange rate"
2019,Finland,FIN,🇫🇮,Europe,EUR,0.893276,24,#84CC16,"World Bank PA.NUS.FCRF, annual average official exchange rate"
2019,France,FRA,🇫🇷,Europe,EUR,0.893276,25,#3B82F6,"World Bank PA.NUS.FCRF, annual average official exchange rate"
2019,Germany,DEU,🇩🇪,Europe,EUR,0.893276,26,#EAB308,"World Bank PA.NUS.FCRF, annual average official exchange rate"
2019,Greece,GRC,🇬🇷,Europe,EUR,0.893276,27,#06B6D4,"World Bank PA.NUS.FCRF, annual average official exchange rate"
2019,Ireland,IRL,🇮🇪,Europe,EUR,0.893276,28,#10B981,"World Bank PA.NUS.FCRF, annual average official exchange rate"
2019,Italy,ITA,🇮🇹,Europe,EUR,0.893276,29,#22C55E,"World Bank PA.NUS.FCRF, annual average official exchange rate"
2019,Latvia,LVA,🇱🇻,Europe,EUR,0.893276,30,#DC2626,"World Bank PA.NUS.FCRF, annual average official exchange rate"
2019,Lithuania,LTU,🇱🇹,Europe,EUR,0.893276,31,#F59E0B,"World Bank PA.NUS.FCRF, annual average official exchange rate"
2019,Luxembourg,LUX,🇱🇺,Europe,EUR,0.893276,32,#A3E635,"World Bank PA.NUS.FCRF, annual average official exchange rate"
2019,Netherlands,NLD,🇳🇱,Europe,EUR,0.893276,33,#F97316,"World Bank PA.NUS.FCRF, annual average official exchange rate"
2019,Portugal,PRT,🇵🇹,Europe,EUR,0.893276,34,#16A34A,"World Bank PA.NUS.FCRF, annual average official exchange rate"
2019,Slovak Republic,SVK,🇸🇰,Europe,EUR,0.893276,35,#2563EB,"World Bank PA.NUS.FCRF, annual average official exchange rate"
2019,Slovenia,SVN,🇸🇮,Europe,EUR,0.893276,36,#65A30D,"World Bank PA.NUS.FCRF, annual average official exchange rate"
2019,Spain,ESP,🇪🇸,Europe,EUR,0.893276,37,#FBBF24,"World Bank PA.NUS.FCRF, annual average official exchange rate"
2019,United Kingdom,GBR,🇬🇧,Europe,GBP,0.783445,38,#818CF8,"World Bank PA.NUS.FCRF, annual average official exchange rate"
2020,Colombia,COL,🇨🇴,Americas,COP,3693.28,1,#FACC15,"World Bank PA.NUS.FCRF, annual average official exchange rate"
2020,South Korea,KOR,🇰🇷,Asia,KRW,1180.27,2,#38BDF8,"World Bank PA.NUS.FCRF, annual average official exchange rate"
2020,Chile,CHL,🇨🇱,Americas,CLP,792.7272,3,#EF4444,"World Bank PA.NUS.FCRF, annual average official exchange rate"
2020,Costa Rica,CRI,🇨🇷,Americas,CRC,584.9009,4,#22C55E,"World Bank PA.NUS.FCRF, annual average official exchange rate"
2020,Hungary,HUN,🇭🇺,Europe,HUF,307.9967,5,#EC4899,"World Bank PA.NUS.FCRF, annual average official exchange rate"
2020,Iceland,ISL,🇮🇸,Europe,ISK,135.4217,6,#0EA5E9,"World Bank PA.NUS.FCRF, annual average official exchange rate"
2020,Japan,JPN,🇯🇵,Asia,JPY,106.7746,7,#FB7185,"World Bank PA.NUS.FCRF, annual average official exchange rate"
2020,Czechia,CZE,🇨🇿,Europe,CZK,23.2102,8,#818CF8,"World Bank PA.NUS.FCRF, annual average official exchange rate"
2020,Mexico,MEX,🇲🇽,Americas,MXN,21.4856,9,#2DD4BF,"World Bank PA.NUS.FCRF, annual average official exchange rate"
2020,Norway,NOR,🇳🇴,Europe,NOK,9.415833,10,#F87171,"World Bank PA.NUS.FCRF, annual average official exchange rate"
2020,Sweden,SWE,🇸🇪,Europe,SEK,9.210309,11,#FDE047,"World Bank PA.NUS.FCRF, annual average official exchange rate"
2020,Turkiye,TUR,🇹🇷,Europe/Asia,TRY,7.008605,12,#A855F7,"World Bank PA.NUS.FCRF, annual average official exchange rate"
2020,Denmark,DNK,🇩🇰,Europe,DKK,6.542152,13,#14B8A6,"World Bank PA.NUS.FCRF, annual average official exchange rate"
2020,Poland,POL,🇵🇱,Europe,PLN,3.899742,14,#E11D48,"World Bank PA.NUS.FCRF, annual average official exchange rate"
2020,Israel,ISR,🇮🇱,Middle East,ILS,3.442406,15,#6366F1,"World Bank PA.NUS.FCRF, annual average official exchange rate"
2020,New Zealand,NZL,🇳🇿,Oceania,NZD,1.542058,16,#7DD3FC,"World Bank PA.NUS.FCRF, annual average official exchange rate"
2020,Australia,AUS,🇦🇺,Oceania,AUD,1.453085,17,#38BDF8,"World Bank PA.NUS.FCRF, annual average official exchange rate"
2020,Canada,CAN,🇨🇦,Americas,CAD,1.341153,18,#60A5FA,"World Bank PA.NUS.FCRF, annual average official exchange rate"
2020,United States,USA,🇺🇸,Americas,USD,1.000000,19,#22D3EE,"World Bank PA.NUS.FCRF, annual average official exchange rate"
2020,Switzerland,CHE,🇨🇭,Europe,CHF,0.938965,20,#F87171,"World Bank PA.NUS.FCRF, annual average official exchange rate"
2020,Austria,AUT,🇦🇹,Europe,EUR,0.875506,21,#F43F5E,"World Bank PA.NUS.FCRF, annual average official exchange rate"
2020,Belgium,BEL,🇧🇪,Europe,EUR,0.875506,22,#F97316,"World Bank PA.NUS.FCRF, annual average official exchange rate"
2020,Estonia,EST,🇪🇪,Europe,EUR,0.875506,23,#A855F7,"World Bank PA.NUS.FCRF, annual average official exchange rate"
2020,Finland,FIN,🇫🇮,Europe,EUR,0.875506,24,#84CC16,"World Bank PA.NUS.FCRF, annual average official exchange rate"
2020,France,FRA,🇫🇷,Europe,EUR,0.875506,25,#3B82F6,"World Bank PA.NUS.FCRF, annual average official exchange rate"
2020,Germany,DEU,🇩🇪,Europe,EUR,0.875506,26,#EAB308,"World Bank PA.NUS.FCRF, annual average official exchange rate"
2020,Greece,GRC,🇬🇷,Europe,EUR,0.875506,27,#06B6D4,"World Bank PA.NUS.FCRF, annual average official exchange rate"
2020,Ireland,IRL,🇮🇪,Europe,EUR,0.875506,28,#10B981,"World Bank PA.NUS.FCRF, annual average official exchange rate"
2020,Italy,ITA,🇮🇹,Europe,EUR,0.875506,29,#22C55E,"World Bank PA.NUS.FCRF, annual average official exchange rate"
2020,Latvia,LVA,🇱🇻,Europe,EUR,0.875506,30,#DC2626,"World Bank PA.NUS.FCRF, annual average official exchange rate"
2020,Lithuania,LTU,🇱🇹,Europe,EUR,0.875506,31,#F59E0B,"World Bank PA.NUS.FCRF, annual average official exchange rate"
2020,Luxembourg,LUX,🇱🇺,Europe,EUR,0.875506,32,#A3E635,"World Bank PA.NUS.FCRF, annual average official exchange rate"
2020,Netherlands,NLD,🇳🇱,Europe,EUR,0.875506,33,#F97316,"World Bank PA.NUS.FCRF, annual average official exchange rate"
2020,Portugal,PRT,🇵🇹,Europe,EUR,0.875506,34,#16A34A,"World Bank PA.NUS.FCRF, annual average official exchange rate"
2020,Slovak Republic,SVK,🇸🇰,Europe,EUR,0.875506,35,#2563EB,"World Bank PA.NUS.FCRF, annual average official exchange rate"
2020,Slovenia,SVN,🇸🇮,Europe,EUR,0.875506,36,#65A30D,"World Bank PA.NUS.FCRF, annual average official exchange rate"
2020,Spain,ESP,🇪🇸,Europe,EUR,0.875506,37,#FBBF24,"World Bank PA.NUS.FCRF, annual average official exchange rate"
2020,United Kingdom,GBR,🇬🇧,Europe,GBP,0.780000,38,#818CF8,"World Bank PA.NUS.FCRF, annual average official exchange rate"
2021,Colombia,COL,🇨🇴,Americas,COP,3744.24,1,#FACC15,"World Bank PA.NUS.FCRF, annual average official exchange rate"
2021,South Korea,KOR,🇰🇷,Asia,KRW,1143.95,2,#38BDF8,"World Bank PA.NUS.FCRF, annual average official exchange rate"
2021,Chile,CHL,🇨🇱,Americas,CLP,758.9554,3,#EF4444,"World Bank PA.NUS.FCRF, annual average official exchange rate"
2021,Costa Rica,CRI,🇨🇷,Americas,CRC,620.7847,4,#22C55E,"World Bank PA.NUS.FCRF, annual average official exchange rate"
2021,Hungary,HUN,🇭🇺,Europe,HUF,303.1408,5,#EC4899,"World Bank PA.NUS.FCRF, annual average official exchange rate"
2021,Iceland,ISL,🇮🇸,Europe,ISK,126.9889,6,#0EA5E9,"World Bank PA.NUS.FCRF, annual average official exchange rate"
2021,Japan,JPN,🇯🇵,Asia,JPY,109.7543,7,#FB7185,"World Bank PA.NUS.FCRF, annual average official exchange rate"
2021,Czechia,CZE,🇨🇿,Europe,CZK,21.6782,8,#818CF8,"World Bank PA.NUS.FCRF, annual average official exchange rate"
2021,Mexico,MEX,🇲🇽,Americas,MXN,20.2724,9,#2DD4BF,"World Bank PA.NUS.FCRF, annual average official exchange rate"
2021,Turkiye,TUR,🇹🇷,Europe/Asia,TRY,8.850408,10,#A855F7,"World Bank PA.NUS.FCRF, annual average official exchange rate"
2021,Norway,NOR,🇳🇴,Europe,NOK,8.590000,11,#F87171,"World Bank PA.NUS.FCRF, annual average official exchange rate"
2021,Sweden,SWE,🇸🇪,Europe,SEK,8.576567,12,#FDE047,"World Bank PA.NUS.FCRF, annual average official exchange rate"
2021,Denmark,DNK,🇩🇰,Europe,DKK,6.287113,13,#14B8A6,"World Bank PA.NUS.FCRF, annual average official exchange rate"
2021,Poland,POL,🇵🇱,Europe,PLN,3.861917,14,#E11D48,"World Bank PA.NUS.FCRF, annual average official exchange rate"
2021,Israel,ISR,🇮🇱,Middle East,ILS,3.230198,15,#6366F1,"World Bank PA.NUS.FCRF, annual average official exchange rate"
2021,New Zealand,NZL,🇳🇿,Oceania,NZD,1.413800,16,#7DD3FC,"World Bank PA.NUS.FCRF, annual average official exchange rate"
2021,Australia,AUS,🇦🇺,Oceania,AUD,1.331224,17,#38BDF8,"World Bank PA.NUS.FCRF, annual average official exchange rate"
2021,Canada,CAN,🇨🇦,Americas,CAD,1.253877,18,#60A5FA,"World Bank PA.NUS.FCRF, annual average official exchange rate"
2021,United States,USA,🇺🇸,Americas,USD,1.000000,19,#22D3EE,"World Bank PA.NUS.FCRF, annual average official exchange rate"
2021,Switzerland,CHE,🇨🇭,Europe,CHF,0.913846,20,#F87171,"World Bank PA.NUS.FCRF, annual average official exchange rate"
2021,Austria,AUT,🇦🇹,Europe,EUR,0.845494,21,#F43F5E,"World Bank PA.NUS.FCRF, annual average official exchange rate"
2021,Belgium,BEL,🇧🇪,Europe,EUR,0.845494,22,#F97316,"World Bank PA.NUS.FCRF, annual average official exchange rate"
2021,Estonia,EST,🇪🇪,Europe,EUR,0.845494,23,#A855F7,"World Bank PA.NUS.FCRF, annual average official exchange rate"
2021,Finland,FIN,🇫🇮,Europe,EUR,0.845494,24,#84CC16,"World Bank PA.NUS.FCRF, annual average official exchange rate"
2021,France,FRA,🇫🇷,Europe,EUR,0.845494,25,#3B82F6,"World Bank PA.NUS.FCRF, annual average official exchange rate"
2021,Germany,DEU,🇩🇪,Europe,EUR,0.845494,26,#EAB308,"World Bank PA.NUS.FCRF, annual average official exchange rate"
2021,Greece,GRC,🇬🇷,Europe,EUR,0.845494,27,#06B6D4,"World Bank PA.NUS.FCRF, annual average official exchange rate"
2021,Ireland,IRL,🇮🇪,Europe,EUR,0.845494,28,#10B981,"World Bank PA.NUS.FCRF, annual average official exchange rate"
2021,Italy,ITA,🇮🇹,Europe,EUR,0.845494,29,#22C55E,"World Bank PA.NUS.FCRF, annual average official exchange rate"
2021,Latvia,LVA,🇱🇻,Europe,EUR,0.845494,30,#DC2626,"World Bank PA.NUS.FCRF, annual average official exchange rate"
2021,Lithuania,LTU,🇱🇹,Europe,EUR,0.845494,31,#F59E0B,"World Bank PA.NUS.FCRF, annual average official exchange rate"
2021,Luxembourg,LUX,🇱🇺,Europe,EUR,0.845494,32,#A3E635,"World Bank PA.NUS.FCRF, annual average official exchange rate"
2021,Netherlands,NLD,🇳🇱,Europe,EUR,0.845494,33,#F97316,"World Bank PA.NUS.FCRF, annual average official exchange rate"
2021,Portugal,PRT,🇵🇹,Europe,EUR,0.845494,34,#16A34A,"World Bank PA.NUS.FCRF, annual average official exchange rate"
2021,Slovak Republic,SVK,🇸🇰,Europe,EUR,0.845494,35,#2563EB,"World Bank PA.NUS.FCRF, annual average official exchange rate"
2021,Slovenia,SVN,🇸🇮,Europe,EUR,0.845494,36,#65A30D,"World Bank PA.NUS.FCRF, annual average official exchange rate"
2021,Spain,ESP,🇪🇸,Europe,EUR,0.845494,37,#FBBF24,"World Bank PA.NUS.FCRF, annual average official exchange rate"
2021,United Kingdom,GBR,🇬🇧,Europe,GBP,0.727065,38,#818CF8,"World Bank PA.NUS.FCRF, annual average official exchange rate"
2022,Colombia,COL,🇨🇴,Americas,COP,4256.19,1,#FACC15,"World Bank PA.NUS.FCRF, annual average official exchange rate"
2022,South Korea,KOR,🇰🇷,Asia,KRW,1291.45,2,#38BDF8,"World Bank PA.NUS.FCRF, annual average official exchange rate"
2022,Chile,CHL,🇨🇱,Americas,CLP,873.3142,3,#EF4444,"World Bank PA.NUS.FCRF, annual average official exchange rate"
2022,Costa Rica,CRI,🇨🇷,Americas,CRC,647.1358,4,#22C55E,"World Bank PA.NUS.FCRF, annual average official exchange rate"
2022,Hungary,HUN,🇭🇺,Europe,HUF,372.5958,5,#EC4899,"World Bank PA.NUS.FCRF, annual average official exchange rate"
2022,Iceland,ISL,🇮🇸,Europe,ISK,135.2799,6,#0EA5E9,"World Bank PA.NUS.FCRF, annual average official exchange rate"
2022,Japan,JPN,🇯🇵,Asia,JPY,131.4981,7,#FB7185,"World Bank PA.NUS.FCRF, annual average official exchange rate"
2022,Czechia,CZE,🇨🇿,Europe,CZK,23.3570,8,#818CF8,"World Bank PA.NUS.FCRF, annual average official exchange rate"
2022,Mexico,MEX,🇲🇽,Americas,MXN,20.1273,9,#2DD4BF,"World Bank PA.NUS.FCRF, annual average official exchange rate"
2022,Turkiye,TUR,🇹🇷,Europe/Asia,TRY,16.5489,10,#A855F7,"World Bank PA.NUS.FCRF, annual average official exchange rate"
2022,Sweden,SWE,🇸🇪,Europe,SEK,10.1143,11,#FDE047,"World Bank PA.NUS.FCRF, annual average official exchange rate"
2022,Norway,NOR,🇳🇴,Europe,NOK,9.614167,12,#F87171,"World Bank PA.NUS.FCRF, annual average official exchange rate"
2022,Denmark,DNK,🇩🇰,Europe,DKK,7.076152,13,#14B8A6,"World Bank PA.NUS.FCRF, annual average official exchange rate"
2022,Poland,POL,🇵🇱,Europe,PLN,4.457758,14,#E11D48,"World Bank PA.NUS.FCRF, annual average official exchange rate"
2022,Israel,ISR,🇮🇱,Middle East,ILS,3.359614,15,#6366F1,"World Bank PA.NUS.FCRF, annual average official exchange rate"
2022,New Zealand,NZL,🇳🇿,Oceania,NZD,1.577183,16,#7DD3FC,"World Bank PA.NUS.FCRF, annual average official exchange rate"
2022,Australia,AUS,🇦🇺,Oceania,AUD,1.441664,17,#38BDF8,"World Bank PA.NUS.FCRF, annual average official exchange rate"
2022,Canada,CAN,🇨🇦,Americas,CAD,1.301555,18,#60A5FA,"World Bank PA.NUS.FCRF, annual average official exchange rate"
2022,United States,USA,🇺🇸,Americas,USD,1.000000,19,#22D3EE,"World Bank PA.NUS.FCRF, annual average official exchange rate"
2022,Switzerland,CHE,🇨🇭,Europe,CHF,0.954832,20,#F87171,"World Bank PA.NUS.FCRF, annual average official exchange rate"
2022,Austria,AUT,🇦🇹,Europe,EUR,0.949624,21,#F43F5E,"World Bank PA.NUS.FCRF, annual average official exchange rate"
2022,Belgium,BEL,🇧🇪,Europe,EUR,0.949624,22,#F97316,"World Bank PA.NUS.FCRF, annual average official exchange rate"
2022,Estonia,EST,🇪🇪,Europe,EUR,0.949624,23,#A855F7,"World Bank PA.NUS.FCRF, annual average official exchange rate"
2022,Finland,FIN,🇫🇮,Europe,EUR,0.949624,24,#84CC16,"World Bank PA.NUS.FCRF, annual average official exchange rate"
2022,France,FRA,🇫🇷,Europe,EUR,0.949624,25,#3B82F6,"World Bank PA.NUS.FCRF, annual average official exchange rate"
2022,Germany,DEU,🇩🇪,Europe,EUR,0.949624,26,#EAB308,"World Bank PA.NUS.FCRF, annual average official exchange rate"
2022,Greece,GRC,🇬🇷,Europe,EUR,0.949624,27,#06B6D4,"World Bank PA.NUS.FCRF, annual average official exchange rate"
2022,Ireland,IRL,🇮🇪,Europe,EUR,0.949624,28,#10B981,"World Bank PA.NUS.FCRF, annual average official exchange rate"
2022,Italy,ITA,🇮🇹,Europe,EUR,0.949624,29,#22C55E,"World Bank PA.NUS.FCRF, annual average official exchange rate"
2022,Latvia,LVA,🇱🇻,Europe,EUR,0.949624,30,#DC2626,"World Bank PA.NUS.FCRF, annual average official exchange rate"
2022,Lithuania,LTU,🇱🇹,Europe,EUR,0.949624,31,#F59E0B,"World Bank PA.NUS.FCRF, annual average official exchange rate"
2022,Luxembourg,LUX,🇱🇺,Europe,EUR,0.949624,32,#A3E635,"World Bank PA.NUS.FCRF, annual average official exchange rate"
2022,Netherlands,NLD,🇳🇱,Europe,EUR,0.949624,33,#F97316,"World Bank PA.NUS.FCRF, annual average official exchange rate"
2022,Portugal,PRT,🇵🇹,Europe,EUR,0.949624,34,#16A34A,"World Bank PA.NUS.FCRF, annual average official exchange rate"
2022,Slovak Republic,SVK,🇸🇰,Europe,EUR,0.949624,35,#2563EB,"World Bank PA.NUS.FCRF, annual average official exchange rate"
2022,Slovenia,SVN,🇸🇮,Europe,EUR,0.949624,36,#65A30D,"World Bank PA.NUS.FCRF, annual average official exchange rate"
2022,Spain,ESP,🇪🇸,Europe,EUR,0.949624,37,#FBBF24,"World Bank PA.NUS.FCRF, annual average official exchange rate"
2022,United Kingdom,GBR,🇬🇧,Europe,GBP,0.811302,38,#818CF8,"World Bank PA.NUS.FCRF, annual average official exchange rate"
2023,Colombia,COL,🇨🇴,Americas,COP,4325.95,1,#FACC15,"World Bank PA.NUS.FCRF, annual average official exchange rate"
2023,South Korea,KOR,🇰🇷,Asia,KRW,1305.66,2,#38BDF8,"World Bank PA.NUS.FCRF, annual average official exchange rate"
2023,Chile,CHL,🇨🇱,Americas,CLP,840.0665,3,#EF4444,"World Bank PA.NUS.FCRF, annual average official exchange rate"
2023,Costa Rica,CRI,🇨🇷,Americas,CRC,544.0508,4,#22C55E,"World Bank PA.NUS.FCRF, annual average official exchange rate"
2023,Hungary,HUN,🇭🇺,Europe,HUF,353.0883,5,#EC4899,"World Bank PA.NUS.FCRF, annual average official exchange rate"
2023,Japan,JPN,🇯🇵,Asia,JPY,140.4911,6,#FB7185,"World Bank PA.NUS.FCRF, annual average official exchange rate"
2023,Iceland,ISL,🇮🇸,Europe,ISK,137.9430,7,#0EA5E9,"World Bank PA.NUS.FCRF, annual average official exchange rate"
2023,Turkiye,TUR,🇹🇷,Europe/Asia,TRY,23.7386,8,#A855F7,"World Bank PA.NUS.FCRF, annual average official exchange rate"
2023,Czechia,CZE,🇨🇿,Europe,CZK,22.1981,9,#818CF8,"World Bank PA.NUS.FCRF, annual average official exchange rate"
2023,Mexico,MEX,🇲🇽,Americas,MXN,17.7587,10,#2DD4BF,"World Bank PA.NUS.FCRF, annual average official exchange rate"
2023,Sweden,SWE,🇸🇪,Europe,SEK,10.6102,11,#FDE047,"World Bank PA.NUS.FCRF, annual average official exchange rate"
2023,Norway,NOR,🇳🇴,Europe,NOK,10.5633,12,#F87171,"World Bank PA.NUS.FCRF, annual average official exchange rate"
2023,Denmark,DNK,🇩🇰,Europe,DKK,6.889703,13,#14B8A6,"World Bank PA.NUS.FCRF, annual average official exchange rate"
2023,Poland,POL,🇵🇱,Europe,PLN,4.203667,14,#E11D48,"World Bank PA.NUS.FCRF, annual average official exchange rate"
2023,Israel,ISR,🇮🇱,Middle East,ILS,3.667375,15,#6366F1,"World Bank PA.NUS.FCRF, annual average official exchange rate"
2023,New Zealand,NZL,🇳🇿,Oceania,NZD,1.628433,16,#7DD3FC,"World Bank PA.NUS.FCRF, annual average official exchange rate"
2023,Australia,AUS,🇦🇺,Oceania,AUD,1.505191,17,#38BDF8,"World Bank PA.NUS.FCRF, annual average official exchange rate"
2023,Canada,CAN,🇨🇦,Americas,CAD,1.349909,18,#60A5FA,"World Bank PA.NUS.FCRF, annual average official exchange rate"
2023,United States,USA,🇺🇸,Americas,USD,1.000000,19,#22D3EE,"World Bank PA.NUS.FCRF, annual average official exchange rate"
2023,Austria,AUT,🇦🇹,Europe,EUR,0.924840,20,#F43F5E,"World Bank PA.NUS.FCRF, annual average official exchange rate"
2023,Belgium,BEL,🇧🇪,Europe,EUR,0.924840,21,#F97316,"World Bank PA.NUS.FCRF, annual average official exchange rate"
2023,Estonia,EST,🇪🇪,Europe,EUR,0.924840,22,#A855F7,"World Bank PA.NUS.FCRF, annual average official exchange rate"
2023,Finland,FIN,🇫🇮,Europe,EUR,0.924840,23,#84CC16,"World Bank PA.NUS.FCRF, annual average official exchange rate"
2023,France,FRA,🇫🇷,Europe,EUR,0.924840,24,#3B82F6,"World Bank PA.NUS.FCRF, annual average official exchange rate"
2023,Germany,DEU,🇩🇪,Europe,EUR,0.924840,25,#EAB308,"World Bank PA.NUS.FCRF, annual average official exchange rate"
2023,Greece,GRC,🇬🇷,Europe,EUR,0.924840,26,#06B6D4,"World Bank PA.NUS.FCRF, annual average official exchange rate"
2023,Ireland,IRL,🇮🇪,Europe,EUR,0.924840,27,#10B981,"World Bank PA.NUS.FCRF, annual average official exchange rate"
2023,Italy,ITA,🇮🇹,Europe,EUR,0.924840,28,#22C55E,"World Bank PA.NUS.FCRF, annual average official exchange rate"
2023,Latvia,LVA,🇱🇻,Europe,EUR,0.924840,29,#DC2626,"World Bank PA.NUS.FCRF, annual average official exchange rate"
2023,Lithuania,LTU,🇱🇹,Europe,EUR,0.924840,30,#F59E0B,"World Bank PA.NUS.FCRF, annual average official exchange rate"
2023,Luxembourg,LUX,🇱🇺,Europe,EUR,0.924840,31,#A3E635,"World Bank PA.NUS.FCRF, annual average official exchange rate"
2023,Netherlands,NLD,🇳🇱,Europe,EUR,0.924840,32,#F97316,"World Bank PA.NUS.FCRF, annual average official exchange rate"
2023,Portugal,PRT,🇵🇹,Europe,EUR,0.924840,33,#16A34A,"World Bank PA.NUS.FCRF, annual average official exchange rate"
2023,Slovak Republic,SVK,🇸🇰,Europe,EUR,0.924840,34,#2563EB,"World Bank PA.NUS.FCRF, annual average official exchange rate"
2023,Slovenia,SVN,🇸🇮,Europe,EUR,0.924840,35,#65A30D,"World Bank PA.NUS.FCRF, annual average official exchange rate"
2023,Spain,ESP,🇪🇸,Europe,EUR,0.924840,36,#FBBF24,"World Bank PA.NUS.FCRF, annual average official exchange rate"
2023,Switzerland,CHE,🇨🇭,Europe,CHF,0.898490,37,#F87171,"World Bank PA.NUS.FCRF, annual average official exchange rate"
2023,United Kingdom,GBR,🇬🇧,Europe,GBP,0.804539,38,#818CF8,"World Bank PA.NUS.FCRF, annual average official exchange rate"
2024,Colombia,COL,🇨🇴,Americas,COP,4074.43,1,#FACC15,"World Bank PA.NUS.FCRF, annual average official exchange rate"
2024,South Korea,KOR,🇰🇷,Asia,KRW,1363.38,2,#38BDF8,"World Bank PA.NUS.FCRF, annual average official exchange rate"
2024,Chile,CHL,🇨🇱,Americas,CLP,943.5722,3,#EF4444,"World Bank PA.NUS.FCRF, annual average official exchange rate"
2024,Costa Rica,CRI,🇨🇷,Americas,CRC,515.1098,4,#22C55E,"World Bank PA.NUS.FCRF, annual average official exchange rate"
2024,Hungary,HUN,🇭🇺,Europe,HUF,365.6908,5,#EC4899,"World Bank PA.NUS.FCRF, annual average official exchange rate"
2024,Japan,JPN,🇯🇵,Asia,JPY,151.3663,6,#FB7185,"World Bank PA.NUS.FCRF, annual average official exchange rate"
2024,Iceland,ISL,🇮🇸,Europe,ISK,137.9580,7,#0EA5E9,"World Bank PA.NUS.FCRF, annual average official exchange rate"
2024,Turkiye,TUR,🇹🇷,Europe/Asia,TRY,32.8059,8,#A855F7,"World Bank PA.NUS.FCRF, annual average official exchange rate"
2024,Czechia,CZE,🇨🇿,Europe,CZK,23.2168,9,#818CF8,"World Bank PA.NUS.FCRF, annual average official exchange rate"
2024,Mexico,MEX,🇲🇽,Americas,MXN,18.3049,10,#2DD4BF,"World Bank PA.NUS.FCRF, annual average official exchange rate"
2024,Norway,NOR,🇳🇴,Europe,NOK,10.7458,11,#F87171,"World Bank PA.NUS.FCRF, annual average official exchange rate"
2024,Sweden,SWE,🇸🇪,Europe,SEK,10.5676,12,#FDE047,"World Bank PA.NUS.FCRF, annual average official exchange rate"
2024,Denmark,DNK,🇩🇰,Europe,DKK,6.894481,13,#14B8A6,"World Bank PA.NUS.FCRF, annual average official exchange rate"
2024,Poland,POL,🇵🇱,Europe,PLN,3.980783,14,#E11D48,"World Bank PA.NUS.FCRF, annual average official exchange rate"
2024,Israel,ISR,🇮🇱,Middle East,ILS,3.699720,15,#6366F1,"World Bank PA.NUS.FCRF, annual average official exchange rate"
2024,New Zealand,NZL,🇳🇿,Oceania,NZD,1.652308,16,#7DD3FC,"World Bank PA.NUS.FCRF, annual average official exchange rate"
2024,Australia,AUS,🇦🇺,Oceania,AUD,1.515358,17,#38BDF8,"World Bank PA.NUS.FCRF, annual average official exchange rate"
2024,Canada,CAN,🇨🇦,Americas,CAD,1.369360,18,#60A5FA,"World Bank PA.NUS.FCRF, annual average official exchange rate"
2024,United States,USA,🇺🇸,Americas,USD,1.000000,19,#22D3EE,"World Bank PA.NUS.FCRF, annual average official exchange rate"
2024,Austria,AUT,🇦🇹,Europe,EUR,0.923890,20,#F43F5E,"World Bank PA.NUS.FCRF, annual average official exchange rate"
2024,Belgium,BEL,🇧🇪,Europe,EUR,0.923890,21,#F97316,"World Bank PA.NUS.FCRF, annual average official exchange rate"
2024,Estonia,EST,🇪🇪,Europe,EUR,0.923890,22,#A855F7,"World Bank PA.NUS.FCRF, annual average official exchange rate"
2024,Finland,FIN,🇫🇮,Europe,EUR,0.923890,23,#84CC16,"World Bank PA.NUS.FCRF, annual average official exchange rate"
2024,France,FRA,🇫🇷,Europe,EUR,0.923890,24,#3B82F6,"World Bank PA.NUS.FCRF, annual average official exchange rate"
2024,Germany,DEU,🇩🇪,Europe,EUR,0.923890,25,#EAB308,"World Bank PA.NUS.FCRF, annual average official exchange rate"
2024,Greece,GRC,🇬🇷,Europe,EUR,0.923890,26,#06B6D4,"World Bank PA.NUS.FCRF, annual average official exchange rate"
2024,Ireland,IRL,🇮🇪,Europe,EUR,0.923890,27,#10B981,"World Bank PA.NUS.FCRF, annual average official exchange rate"
2024,Italy,ITA,🇮🇹,Europe,EUR,0.923890,28,#22C55E,"World Bank PA.NUS.FCRF, annual average official exchange rate"
2024,Latvia,LVA,🇱🇻,Europe,EUR,0.923890,29,#DC2626,"World Bank PA.NUS.FCRF, annual average official exchange rate"
2024,Lithuania,LTU,🇱🇹,Europe,EUR,0.923890,30,#F59E0B,"World Bank PA.NUS.FCRF, annual average official exchange rate"
2024,Luxembourg,LUX,🇱🇺,Europe,EUR,0.923890,31,#A3E635,"World Bank PA.NUS.FCRF, annual average official exchange rate"
2024,Netherlands,NLD,🇳🇱,Europe,EUR,0.923890,32,#F97316,"World Bank PA.NUS.FCRF, annual average official exchange rate"
2024,Portugal,PRT,🇵🇹,Europe,EUR,0.923890,33,#16A34A,"World Bank PA.NUS.FCRF, annual average official exchange rate"
2024,Slovak Republic,SVK,🇸🇰,Europe,EUR,0.923890,34,#2563EB,"World Bank PA.NUS.FCRF, annual average official exchange rate"
2024,Slovenia,SVN,🇸🇮,Europe,EUR,0.923890,35,#65A30D,"World Bank PA.NUS.FCRF, annual average official exchange rate"
2024,Spain,ESP,🇪🇸,Europe,EUR,0.923890,36,#FBBF24,"World Bank PA.NUS.FCRF, annual average official exchange rate"
2024,Switzerland,CHE,🇨🇭,Europe,CHF,0.880441,37,#F87171,"World Bank PA.NUS.FCRF, annual average official exchange rate"
2024,United Kingdom,GBR,🇬🇧,Europe,GBP,0.782415,38,#818CF8,"World Bank PA.NUS.FCRF, annual average official exchange rate"
